cod_mpio,ano,mes,municipio,casos_total,casos_regular,casos_grave,hospitalizaciones,fallecidos,dpto_clima,temperatura_c,precipitacion_mm,ndvi,dewpoint_c,poblacion,incidencia_x100k,temperatura_c_lag1,temperatura_c_lag2,temperatura_c_lag3,temperatura_c_mm3,precipitacion_mm_lag1,precipitacion_mm_lag2,precipitacion_mm_lag3,precipitacion_mm_mm3,ndvi_lag1,ndvi_lag2,ndvi_lag3,ndvi_mm3,dewpoint_c_lag1,dewpoint_c_lag2,dewpoint_c_lag3,dewpoint_c_mm3,casos_total_lag1,casos_total_lag2,casos_total_lag3,casos_total_mm3,incidencia_x100k_lag1,incidencia_x100k_lag2,incidencia_x100k_lag3,incidencia_x100k_mm3,umbral_exceso,exceso
23855,2007,1,Valencia,0,0,0,0,0,CORDOBA,30.69,14.53,0.6397,22.99,31902.0,0.0,,,,30.69,,,,14.53,,,,0.6397,,,,22.99,,,,0.0,,,,0.0,,
23855,2007,2,Valencia,0,0,0,0,0,CORDOBA,33.18,13.43,0.5492,21.26,31902.0,0.0,30.69,,,31.935000000000002,14.53,,,13.98,0.6397,,,0.59445,22.99,,,22.125,0.0,,,0.0,0.0,,,0.0,,
23855,2007,3,Valencia,0,0,0,0,0,CORDOBA,33.85,95.67,0.4166,22.62,31902.0,0.0,33.18,30.69,,32.57333333333333,13.43,14.53,,41.21,0.5492,0.6397,,0.5351666666666667,21.26,22.99,,22.290000000000003,0.0,0.0,,0.0,0.0,0.0,,0.0,,
23855,2007,4,Valencia,0,0,0,0,0,CORDOBA,31.04,231.77,0.5562,23.4,31902.0,0.0,33.85,33.18,30.69,32.69,95.67,13.43,14.53,113.62333333333333,0.4166,0.5492,0.6397,0.5073333333333334,22.62,21.26,22.99,22.426666666666666,0.0,0.0,0.0,0.0,0.0,0.0,0.0,0.0,,
23855,2007,5,Valencia,0,0,0,0,0,CORDOBA,29.12,310.08,0.5884,23.51,31902.0,0.0,31.04,33.85,33.18,31.336666666666662,231.77,95.67,13.43,212.50666666666666,0.5562,0.4166,0.5492,0.5204000000000001,23.4,22.62,21.26,23.176666666666666,0.0,0.0,0.0,0.0,0.0,0.0,0.0,0.0,,
23855,2007,6,Valencia,0,0,0,0,0,CORDOBA,28.68,320.87,0.7231,23.35,31902.0,0.0,29.12,31.04,33.85,29.61333333333333,310.08,231.77,95.67,287.5733333333333,0.5884,0.5562,0.4166,0.6225666666666667,23.51,23.4,22.62,23.419999999999998,0.0,0.0,0.0,0.0,0.0,0.0,0.0,0.0,,
23855,2007,7,Valencia,0,0,0,0,0,CORDOBA,28.44,271.19,0.6734,23.2,31902.0,0.0,28.68,29.12,31.04,28.746666666666666,320.87,310.08,231.77,300.71333333333337,0.7231,0.5884,0.5562,0.6616333333333334,23.35,23.51,23.4,23.353333333333335,0.0,0.0,0.0,0.0,0.0,0.0,0.0,0.0,,
23855,2007,8,Valencia,0,0,0,0,0,CORDOBA,29.17,365.44,0.6849,22.97,31902.0,0.0,28.44,28.68,29.12,28.763333333333332,271.19,320.87,310.08,319.1666666666667,0.6734,0.7231,0.5884,0.6938,23.2,23.35,23.51,23.173333333333332,0.0,0.0,0.0,0.0,0.0,0.0,0.0,0.0,,
23855,2007,9,Valencia,0,0,0,0,0,CORDOBA,29.53,275.85,0.7157,23.03,31902.0,0.0,29.17,28.44,28.68,29.046666666666667,365.44,271.19,320.87,304.16,0.6849,0.6734,0.7231,0.6913333333333332,22.97,23.2,23.35,23.066666666666666,0.0,0.0,0.0,0.0,0.0,0.0,0.0,0.0,,
23855,2007,10,Valencia,0,0,0,0,0,CORDOBA,27.8,274.54,0.7135,22.75,31902.0,0.0,29.53,29.17,28.44,28.833333333333332,275.85,365.44,271.19,305.2766666666667,0.7157,0.6849,0.6734,0.7046999999999999,23.03,22.97,23.2,22.916666666666668,0.0,0.0,0.0,0.0,0.0,0.0,0.0,0.0,,
23855,2007,11,Valencia,0,0,0,0,0,CORDOBA,28.33,175.34,0.6767,22.86,31902.0,0.0,27.8,29.53,29.17,28.55333333333333,274.54,275.85,365.44,241.91000000000005,0.7135,0.7157,0.6849,0.7019666666666667,22.75,23.03,22.97,22.88,0.0,0.0,0.0,0.0,0.0,0.0,0.0,0.0,,
23855,2007,12,Valencia,0,0,0,0,0,CORDOBA,28.66,102.86,0.7055,22.37,31902.0,0.0,28.33,27.8,29.53,28.263333333333332,175.34,274.54,275.85,184.2466666666667,0.6767,0.7135,0.7157,0.6985666666666667,22.86,22.75,23.03,22.659999999999997,0.0,0.0,0.0,0.0,0.0,0.0,0.0,0.0,,
23855,2008,1,Valencia,0,0,0,0,0,CORDOBA,29.91,27.69,0.6578,21.91,32246.0,0.0,28.66,28.33,27.8,28.966666666666665,102.86,175.34,274.54,101.96333333333335,0.7055,0.6767,0.7135,0.68,22.37,22.86,22.75,22.38,0.0,0.0,0.0,0.0,0.0,0.0,0.0,0.0,,
23855,2008,2,Valencia,0,0,0,0,0,CORDOBA,31.71,53.6,0.5553,21.61,32246.0,0.0,29.91,28.66,28.33,30.093333333333334,27.69,102.86,175.34,61.383333333333354,0.6578,0.7055,0.6767,0.6395333333333334,21.91,22.37,22.86,21.963333333333335,0.0,0.0,0.0,0.0,0.0,0.0,0.0,0.0,,
23855,2008,3,Valencia,0,0,0,0,0,CORDOBA,34.22,57.16,0.5117,21.73,32246.0,0.0,31.71,29.91,28.66,31.94666666666667,53.6,27.69,102.86,46.15000000000001,0.5553,0.6578,0.7055,0.5749333333333334,21.61,21.91,22.37,21.75,0.0,0.0,0.0,0.0,0.0,0.0,0.0,0.0,,
23855,2008,4,Valencia,0,0,0,0,0,CORDOBA,32.7,151.77,0.4563,22.78,32246.0,0.0,34.22,31.71,29.91,32.876666666666665,57.16,53.6,27.69,87.51000000000003,0.5117,0.5553,0.6578,0.5077666666666667,21.73,21.61,21.91,22.040000000000003,0.0,0.0,0.0,0.0,0.0,0.0,0.0,0.0,,
23855,2008,5,Valencia,0,0,0,0,0,CORDOBA,29.43,285.49,0.5938,23.08,32246.0,0.0,32.7,34.22,31.71,32.11666666666667,151.77,57.16,53.6,164.8066666666667,0.4563,0.5117,0.5553,0.5206,22.78,21.73,21.61,22.53,0.0,0.0,0.0,0.0,0.0,0.0,0.0,0.0,,
23855,2008,6,Valencia,0,0,0,0,0,CORDOBA,29.22,296.0,0.7153,23.21,32246.0,0.0,29.43,32.7,34.22,30.45,285.49,151.77,57.16,244.42000000000004,0.5938,0.4563,0.5117,0.5884666666666667,23.08,22.78,21.73,23.02333333333333,0.0,0.0,0.0,0.0,0.0,0.0,0.0,0.0,,
23855,2008,7,Valencia,0,0,0,0,0,CORDOBA,29.28,301.74,0.7108,22.95,32246.0,0.0,29.22,29.43,32.7,29.31,296.0,285.49,151.77,294.41,0.7153,0.5938,0.4563,0.6732999999999999,23.21,23.08,22.78,23.08,0.0,0.0,0.0,0.0,0.0,0.0,0.0,0.0,,
23855,2008,8,Valencia,0,0,0,0,0,CORDOBA,29.24,293.52,0.7291,22.95,32246.0,0.0,29.28,29.22,29.43,29.246666666666666,301.74,296.0,285.49,297.08666666666664,0.7108,0.7153,0.5938,0.7183999999999999,22.95,23.21,23.08,23.036666666666665,0.0,0.0,0.0,0.0,0.0,0.0,0.0,0.0,,
23855,2008,9,Valencia,0,0,0,0,0,CORDOBA,29.5,288.35,0.6745,23.14,32246.0,0.0,29.24,29.28,29.22,29.34,293.52,301.74,296.0,294.5366666666667,0.7291,0.7108,0.7153,0.7048,22.95,22.95,23.21,23.013333333333332,0.0,0.0,0.0,0.0,0.0,0.0,0.0,0.0,,
23855,2008,10,Valencia,0,0,0,0,0,CORDOBA,28.84,312.78,0.6761,23.02,32246.0,0.0,29.5,29.24,29.28,29.193333333333328,288.35,293.52,301.74,298.2166666666667,0.6745,0.7291,0.7108,0.6932333333333333,23.14,22.95,22.95,23.036666666666665,0.0,0.0,0.0,0.0,0.0,0.0,0.0,0.0,,
23855,2008,11,Valencia,0,0,0,0,0,CORDOBA,28.21,232.95,0.6784,22.69,32246.0,0.0,28.84,29.5,29.24,28.849999999999998,312.78,288.35,293.52,278.0266666666667,0.6761,0.6745,0.7291,0.6763333333333333,23.02,23.14,22.95,22.95,0.0,0.0,0.0,0.0,0.0,0.0,0.0,0.0,,
23855,2008,12,Valencia,0,0,0,0,0,CORDOBA,29.0,55.52,0.7109,22.41,32246.0,0.0,28.21,28.84,29.5,28.683333333333334,232.95,312.78,288.35,200.41666666666666,0.6784,0.6761,0.6745,0.6884666666666667,22.69,23.02,23.14,22.706666666666667,0.0,0.0,0.0,0.0,0.0,0.0,0.0,0.0,,
23855,2009,1,Valencia,0,0,0,0,0,CORDOBA,30.66,50.31,0.5755,22.34,32608.0,0.0,29.0,28.21,28.84,29.289999999999996,55.52,232.95,312.78,112.92666666666668,0.7109,0.6784,0.6761,0.6549333333333333,22.41,22.69,23.02,22.48,0.0,0.0,0.0,0.0,0.0,0.0,0.0,0.0,2.0,0
23855,2009,2,Valencia,0,0,0,0,0,CORDOBA,32.62,44.62,0.5577,22.12,32608.0,0.0,30.66,29.0,28.21,30.76,50.31,55.52,232.95,50.15000000000001,0.5755,0.7109,0.6784,0.6147,22.34,22.41,22.69,22.290000000000003,0.0,0.0,0.0,0.0,0.0,0.0,0.0,0.0,2.0,0
23855,2009,3,Valencia,0,0,0,0,0,CORDOBA,33.95,76.45,0.5586,22.26,32608.0,0.0,32.62,30.66,29.0,32.41,44.62,50.31,55.52,57.12666666666669,0.5577,0.5755,0.7109,0.5639333333333333,22.12,22.34,22.41,22.24,0.0,0.0,0.0,0.0,0.0,0.0,0.0,0.0,2.0,0
23855,2009,4,Valencia,0,0,0,0,0,CORDOBA,34.44,127.52,0.5154,23.01,32608.0,0.0,33.95,32.62,30.66,33.669999999999995,76.45,44.62,50.31,82.86333333333334,0.5586,0.5577,0.5755,0.5438999999999999,22.26,22.12,22.34,22.463333333333335,0.0,0.0,0.0,0.0,0.0,0.0,0.0,0.0,2.0,0
23855,2009,5,Valencia,0,0,0,0,0,CORDOBA,29.34,252.02,0.615,23.39,32608.0,0.0,34.44,33.95,32.62,32.57666666666666,127.52,76.45,44.62,151.9966666666667,0.5154,0.5586,0.5577,0.563,23.01,22.26,22.12,22.886666666666667,0.0,0.0,0.0,0.0,0.0,0.0,0.0,0.0,2.0,0
23855,2009,6,Valencia,1,1,0,0,0,CORDOBA,29.2,280.28,0.6713,23.45,32608.0,3.0667320902845927,29.34,34.44,33.95,30.99333333333333,252.02,127.52,76.45,219.94000000000003,0.615,0.5154,0.5586,0.6005666666666666,23.39,23.01,22.26,23.28333333333333,0.0,0.0,0.0,0.3333333333333333,0.0,0.0,0.0,1.0222440300948643,2.0,0
23855,2009,7,Valencia,0,0,0,0,0,CORDOBA,28.84,287.59,0.7655,23.51,32608.0,0.0,29.2,29.34,34.44,29.126666666666665,280.28,252.02,127.52,273.2966666666667,0.6713,0.615,0.5154,0.6839333333333332,23.45,23.39,23.01,23.45,1.0,0.0,0.0,0.3333333333333333,3.0667320902845927,0.0,0.0,1.0222440300948643,2.0,0
23855,2009,8,Valencia,0,0,0,0,0,CORDOBA,27.97,254.04,0.6021,23.52,32608.0,0.0,28.84,29.2,29.34,28.669999999999998,287.59,280.28,252.02,273.97,0.7655,0.6713,0.615,0.6796333333333333,23.51,23.45,23.39,23.49333333333333,0.0,1.0,0.0,0.3333333333333333,0.0,3.0667320902845927,0.0,1.0222440300948643,2.0,0
23855,2009,9,Valencia,0,0,0,0,0,CORDOBA,29.91,204.05,0.6208,23.67,32608.0,0.0,27.97,28.84,29.2,28.906666666666666,254.04,287.59,280.28,248.56000000000003,0.6021,0.7655,0.6713,0.6628,23.52,23.51,23.45,23.566666666666666,0.0,0.0,1.0,0.0,0.0,0.0,3.0667320902845927,0.0,2.0,0
23855,2009,10,Valencia,1,1,0,0,0,CORDOBA,28.96,217.81,0.647,23.35,32608.0,3.0667320902845927,29.91,27.97,28.84,28.946666666666662,204.05,254.04,287.59,225.30000000000004,0.6208,0.6021,0.7655,0.6233,23.67,23.52,23.51,23.513333333333332,0.0,0.0,0.0,0.3333333333333333,0.0,0.0,0.0,1.0222440300948643,2.0,0
23855,2009,11,Valencia,1,1,0,0,0,CORDOBA,29.3,185.7,0.7107,23.4,32608.0,3.0667320902845927,28.96,29.91,27.97,29.389999999999997,217.81,204.05,254.04,202.52,0.647,0.6208,0.6021,0.6595,23.35,23.67,23.52,23.473333333333333,1.0,0.0,0.0,0.6666666666666666,3.0667320902845927,0.0,0.0,2.0444880601897286,2.0,0
23855,2009,12,Valencia,0,0,0,0,0,CORDOBA,29.93,62.86,0.6688,23.44,32608.0,0.0,29.3,28.96,29.91,29.396666666666665,185.7,217.81,204.05,155.45666666666668,0.7107,0.647,0.6208,0.6754999999999999,23.4,23.35,23.67,23.396666666666665,1.0,1.0,0.0,0.6666666666666666,3.0667320902845927,3.0667320902845927,0.0,2.0444880601897286,2.0,0
23855,2010,1,Valencia,1,1,0,0,0,CORDOBA,31.84,10.97,0.6027,22.67,32940.0,3.0358227079538556,29.93,29.3,28.96,30.356666666666666,62.86,185.7,217.81,86.51,0.6688,0.7107,0.647,0.6607333333333333,23.44,23.4,23.35,23.17,0.0,1.0,1.0,0.6666666666666666,0.0,3.0667320902845927,3.0667320902845927,2.0341849327461494,2.0,0
23855,2010,2,Valencia,1,1,0,1,0,CORDOBA,33.75,26.7,0.4247,22.94,32940.0,3.0358227079538556,31.84,29.93,29.3,31.84,10.97,62.86,185.7,33.51000000000002,0.6027,0.6688,0.7107,0.5654,22.67,23.44,23.4,23.01666666666667,1.0,0.0,1.0,0.6666666666666666,3.0358227079538556,0.0,3.0667320902845927,2.0238818053025702,2.0,0
23855,2010,3,Valencia,1,1,0,0,0,CORDOBA,33.7,94.39,0.3713,23.86,32940.0,3.0358227079538556,33.75,31.84,29.93,33.096666666666664,26.7,10.97,62.86,44.02000000000002,0.4247,0.6027,0.6688,0.46623333333333333,22.94,22.67,23.44,23.156666666666666,1.0,1.0,0.0,1.0,3.0358227079538556,3.0358227079538556,0.0,3.0358227079538556,2.0,0
23855,2010,4,Valencia,2,2,0,1,0,CORDOBA,32.19,179.42,0.5608,24.0,32940.0,6.071645415907711,33.7,33.75,31.84,33.21333333333333,94.39,26.7,10.97,100.17000000000002,0.3713,0.4247,0.6027,0.4522666666666666,23.86,22.94,22.67,23.600000000000005,1.0,1.0,1.0,1.3333333333333333,3.0358227079538556,3.0358227079538556,3.0358227079538556,4.0477636106051404,2.0,0
23855,2010,5,Valencia,0,0,0,0,0,CORDOBA,30.39,261.58,0.6874,23.98,32940.0,0.0,32.19,33.7,33.75,32.09333333333333,179.42,94.39,26.7,178.46333333333337,0.5608,0.3713,0.4247,0.5398333333333333,24.0,23.86,22.94,23.94666666666667,2.0,1.0,1.0,1.0,6.071645415907711,3.0358227079538556,3.0358227079538556,3.035822707953855,2.0,0
23855,2010,6,Valencia,0,0,0,0,0,CORDOBA,29.16,308.22,0.6473,23.56,32940.0,0.0,30.39,32.19,33.7,30.58,261.58,179.42,94.39,249.74,0.6874,0.5608,0.3713,0.6318333333333332,23.98,24.0,23.86,23.846666666666664,0.0,2.0,1.0,0.6666666666666666,0.0,6.071645415907711,3.0358227079538556,2.0238818053025702,2.0,0
23855,2010,7,Valencia,1,1,0,0,0,CORDOBA,27.28,328.46,0.5712,23.21,32940.0,3.0358227079538556,29.16,30.39,32.19,28.94333333333333,308.22,261.58,179.42,299.42,0.6473,0.6874,0.5608,0.6353,23.56,23.98,24.0,23.583333333333332,0.0,0.0,2.0,0.3333333333333333,0.0,0.0,6.071645415907711,1.0119409026512851,2.0,0
23855,2010,8,Valencia,0,0,0,0,0,CORDOBA,28.36,340.18,0.6927,23.27,32940.0,0.0,27.28,29.16,30.39,28.266666666666666,328.46,308.22,261.58,325.62000000000006,0.5712,0.6473,0.6874,0.6370666666666667,23.21,23.56,23.98,23.346666666666664,1.0,0.0,0.0,0.3333333333333333,3.0358227079538556,0.0,0.0,1.0119409026512851,2.0,0
23855,2010,9,Valencia,0,0,0,0,0,CORDOBA,29.52,336.77,0.7225,23.06,32940.0,0.0,28.36,27.28,29.16,28.386666666666667,340.18,328.46,308.22,335.1366666666667,0.6927,0.5712,0.6473,0.6621333333333334,23.27,23.21,23.56,23.179999999999996,0.0,1.0,0.0,0.3333333333333333,0.0,3.0358227079538556,0.0,1.0119409026512851,2.0,0
23855,2010,10,Valencia,0,0,0,0,0,CORDOBA,29.65,247.84,0.6945,23.06,32940.0,0.0,29.52,28.36,27.28,29.176666666666666,336.77,340.18,328.46,308.2633333333333,0.7225,0.6927,0.5712,0.7032333333333334,23.06,23.27,23.21,23.13,0.0,0.0,1.0,0.0,0.0,0.0,3.0358227079538556,0.0,2.0,0
23855,2010,11,Valencia,0,0,0,0,0,CORDOBA,28.34,255.66,0.7018,22.43,32940.0,0.0,29.65,29.52,28.36,29.169999999999998,247.84,336.77,340.18,280.09,0.6945,0.7225,0.6927,0.7062666666666666,23.06,23.06,23.27,22.849999999999998,0.0,0.0,0.0,0.0,0.0,0.0,0.0,0.0,2.0,0
23855,2010,12,Valencia,0,0,0,0,0,CORDOBA,27.44,219.43,0.6409,22.26,32940.0,0.0,28.34,29.65,29.52,28.476666666666663,255.66,247.84,336.77,240.9766666666667,0.7018,0.6945,0.7225,0.6790666666666666,22.43,23.06,23.06,22.583333333333332,0.0,0.0,0.0,0.0,0.0,0.0,0.0,0.0,2.0,0
23855,2011,1,Valencia,0,0,0,0,0,CORDOBA,28.17,53.42,0.6735,22.54,33317.0,0.0,27.44,28.34,29.65,27.98333333333333,219.43,255.66,247.84,176.17,0.6409,0.7018,0.6945,0.6720666666666667,22.26,22.43,23.06,22.409999999999997,0.0,0.0,0.0,0.0,0.0,0.0,0.0,0.0,2.0,0
23855,2011,2,Valencia,1,1,0,0,0,CORDOBA,31.21,52.25,0.6005,22.09,33317.0,3.00147072065312,28.17,27.44,28.34,28.939999999999998,53.42,219.43,255.66,108.36666666666669,0.6735,0.6409,0.7018,0.6383,22.54,22.26,22.43,22.296666666666667,0.0,0.0,0.0,0.3333333333333333,0.0,0.0,0.0,1.0004902402177067,2.0,0
23855,2011,3,Valencia,1,1,0,0,0,CORDOBA,30.94,111.19,0.5428,22.2,33317.0,3.00147072065312,31.21,28.17,27.44,30.106666666666666,52.25,53.42,219.43,72.28666666666669,0.6005,0.6735,0.6409,0.6055999999999999,22.09,22.54,22.26,22.276666666666667,1.0,0.0,0.0,0.6666666666666666,3.00147072065312,0.0,0.0,2.0009804804354134,2.0,0
23855,2011,4,Valencia,0,0,0,0,0,CORDOBA,30.02,191.03,0.6107,22.85,33317.0,0.0,30.94,31.21,28.17,30.72333333333333,111.19,52.25,53.42,118.15666666666668,0.5428,0.6005,0.6735,0.5846666666666667,22.2,22.09,22.54,22.38,1.0,1.0,0.0,0.6666666666666666,3.00147072065312,3.00147072065312,0.0,2.0009804804354134,2.0,0
23855,2011,5,Valencia,0,0,0,0,0,CORDOBA,29.63,300.29,0.713,23.3,33317.0,0.0,30.02,30.94,31.21,30.196666666666662,191.03,111.19,52.25,200.83666666666667,0.6107,0.5428,0.6005,0.6221666666666666,22.85,22.2,22.09,22.78333333333333,0.0,1.0,1.0,0.3333333333333333,0.0,3.00147072065312,3.00147072065312,1.0004902402177067,2.0,0
23855,2011,6,Valencia,0,0,0,0,0,CORDOBA,28.9,292.46,0.6095,23.49,33317.0,0.0,29.63,30.02,30.94,29.516666666666666,300.29,191.03,111.19,261.26,0.713,0.6107,0.5428,0.6444,23.3,22.85,22.2,23.213333333333335,0.0,0.0,1.0,0.0,0.0,0.0,3.00147072065312,0.0,2.0,0
23855,2011,7,Valencia,0,0,0,0,0,CORDOBA,29.05,287.26,0.6824,23.12,33317.0,0.0,28.9,29.63,30.02,29.193333333333328,292.46,300.29,191.03,293.33666666666664,0.6095,0.713,0.6107,0.6683,23.49,23.3,22.85,23.30333333333333,0.0,0.0,0.0,0.0,0.0,0.0,0.0,0.0,2.0,0
23855,2011,8,Valencia,2,2,0,2,0,CORDOBA,29.25,292.42,0.6658,23.25,33317.0,6.00294144130624,29.05,28.9,29.63,29.066666666666663,287.26,292.46,300.29,290.71333333333337,0.6824,0.6095,0.713,0.6525666666666666,23.12,23.49,23.3,23.286666666666665,0.0,0.0,0.0,0.6666666666666666,0.0,0.0,0.0,2.0009804804354134,2.0,0
23855,2011,9,Valencia,0,0,0,0,0,CORDOBA,29.18,283.88,0.6891,23.15,33317.0,0.0,29.25,29.05,28.9,29.159999999999997,292.42,287.26,292.46,287.85333333333335,0.6658,0.6824,0.6095,0.6791,23.25,23.12,23.49,23.173333333333332,2.0,0.0,0.0,0.6666666666666666,6.00294144130624,0.0,0.0,2.0009804804354134,2.0,0
23855,2011,10,Valencia,1,1,0,0,0,CORDOBA,29.86,197.29,0.6921,22.28,33317.0,3.00147072065312,29.18,29.25,29.05,29.429999999999996,283.88,292.42,287.26,257.86333333333334,0.6891,0.6658,0.6824,0.6823333333333333,23.15,23.25,23.12,22.89333333333333,0.0,2.0,0.0,1.0,0.0,6.00294144130624,0.0,3.00147072065312,2.0,0
23855,2011,11,Valencia,0,0,0,0,0,CORDOBA,28.48,233.86,0.6432,22.68,33317.0,0.0,29.86,29.18,29.25,29.173333333333332,197.29,283.88,292.42,238.34333333333336,0.6921,0.6891,0.6658,0.6748,22.28,23.15,23.25,22.703333333333333,1.0,0.0,2.0,0.3333333333333333,3.00147072065312,0.0,6.00294144130624,1.0004902402177067,2.0,0
23855,2011,12,Valencia,0,0,0,0,0,CORDOBA,27.85,160.83,0.6619,22.69,33317.0,0.0,28.48,29.86,29.18,28.73,233.86,197.29,283.88,197.32666666666668,0.6432,0.6921,0.6891,0.6657333333333333,22.68,22.28,23.15,22.55,0.0,1.0,0.0,0.3333333333333333,0.0,3.00147072065312,0.0,1.0004902402177067,2.0,0
23855,2012,1,Valencia,1,1,0,0,0,CORDOBA,29.58,32.68,0.6588,22.4,33655.0,2.971326697370376,27.85,28.48,29.86,28.636666666666667,160.83,233.86,197.29,142.4566666666667,0.6619,0.6432,0.6921,0.6546333333333333,22.69,22.68,22.28,22.590000000000003,0.0,0.0,1.0,0.3333333333333333,0.0,0.0,3.00147072065312,0.990442232456792,2.0,0
23855,2012,2,Valencia,0,0,0,0,0,CORDOBA,32.74,23.41,0.5663,21.45,33655.0,0.0,29.58,27.85,28.48,30.05666666666666,32.68,160.83,233.86,72.30666666666669,0.6588,0.6619,0.6432,0.629,22.4,22.69,22.68,22.179999999999996,1.0,0.0,0.0,0.3333333333333333,2.971326697370376,0.0,0.0,0.990442232456792,2.0,0
23855,2012,3,Valencia,0,0,0,0,0,CORDOBA,34.99,85.22,0.4817,22.47,33655.0,0.0,32.74,29.58,27.85,32.43666666666667,23.41,32.68,160.83,47.10333333333335,0.5663,0.6588,0.6619,0.5689333333333333,21.45,22.4,22.69,22.106666666666666,0.0,1.0,0.0,0.3333333333333333,0.0,2.971326697370376,0.0,0.990442232456792,2.0,0
23855,2012,4,Valencia,1,1,0,1,0,CORDOBA,29.81,241.62,0.5795,23.08,33655.0,2.971326697370376,34.99,32.74,29.58,32.51333333333333,85.22,23.41,32.68,116.75000000000001,0.4817,0.5663,0.6588,0.5425,22.47,21.45,22.4,22.333333333333332,0.0,0.0,1.0,0.3333333333333333,0.0,0.0,2.971326697370376,0.990442232456792,2.0,0
23855,2012,5,Valencia,0,0,0,0,0,CORDOBA,28.85,271.22,0.6098,23.4,33655.0,0.0,29.81,34.99,32.74,31.216666666666665,241.62,85.22,23.41,199.35333333333338,0.5795,0.4817,0.5663,0.557,23.08,22.47,21.45,22.98333333333333,1.0,0.0,0.0,0.3333333333333333,2.971326697370376,0.0,0.0,0.990442232456792,2.0,0
23855,2012,6,Valencia,1,1,0,0,0,CORDOBA,28.41,275.67,0.7183,23.36,33655.0,2.971326697370376,28.85,29.81,34.99,29.02333333333333,271.22,241.62,85.22,262.8366666666667,0.6098,0.5795,0.4817,0.6358666666666667,23.4,23.08,22.47,23.279999999999998,0.0,1.0,0.0,0.6666666666666666,0.0,2.971326697370376,0.0,1.980884464913584,2.0,0
23855,2012,7,Valencia,0,0,0,0,0,CORDOBA,28.09,275.9,0.7222,23.35,33655.0,0.0,28.41,28.85,29.81,28.449999999999992,275.67,271.22,241.62,274.2633333333334,0.7183,0.6098,0.5795,0.6834333333333333,23.36,23.4,23.08,23.37,1.0,0.0,1.0,0.3333333333333333,2.971326697370376,0.0,2.971326697370376,0.990442232456792,2.0,0
23855,2012,8,Valencia,2,2,0,2,0,CORDOBA,28.74,324.89,0.7259,23.27,33655.0,5.942653394740752,28.09,28.41,28.85,28.413333333333327,275.9,275.67,271.22,292.15333333333336,0.7222,0.7183,0.6098,0.7221333333333333,23.35,23.36,23.4,23.326666666666668,0.0,1.0,0.0,1.0,0.0,2.971326697370376,0.0,2.971326697370376,2.0,0
23855,2012,9,Valencia,1,1,0,1,0,CORDOBA,29.54,263.02,0.6638,23.21,33655.0,2.971326697370376,28.74,28.09,28.41,28.789999999999992,324.89,275.9,275.67,287.93666666666667,0.7259,0.7222,0.7183,0.7039666666666666,23.27,23.35,23.36,23.27666666666667,2.0,0.0,1.0,1.0,5.942653394740752,0.0,2.971326697370376,2.971326697370376,2.0,0
23855,2012,10,Valencia,0,0,0,0,0,CORDOBA,29.73,266.42,0.7069,22.94,33655.0,0.0,29.54,28.74,28.09,29.33666666666666,263.02,324.89,275.9,284.7766666666667,0.6638,0.7259,0.7222,0.6988666666666665,23.21,23.27,23.35,23.14,1.0,2.0,0.0,1.0,2.971326697370376,5.942653394740752,0.0,2.971326697370376,2.0,0
23855,2012,11,Valencia,2,2,0,2,0,CORDOBA,28.92,180.67,0.7349,23.19,33655.0,5.942653394740752,29.73,29.54,28.74,29.39666666666666,266.42,263.02,324.89,236.70333333333335,0.7069,0.6638,0.7259,0.7018666666666666,22.94,23.21,23.27,23.113333333333333,0.0,1.0,2.0,1.0,0.0,2.971326697370376,5.942653394740752,2.971326697370376,2.0,0
23855,2012,12,Valencia,0,0,0,0,0,CORDOBA,29.25,72.88,0.7081,22.9,33655.0,0.0,28.92,29.73,29.54,29.299999999999997,180.67,266.42,263.02,173.32333333333335,0.7349,0.7069,0.6638,0.7166333333333332,23.19,22.94,23.21,23.01,2.0,0.0,1.0,0.6666666666666666,5.942653394740752,0.0,2.971326697370376,1.980884464913584,2.0,0
23855,2013,1,Valencia,1,0,1,0,0,CORDOBA,31.4,9.38,0.6165,22.41,33960.0,2.944640753828033,29.25,28.92,29.73,29.85666666666666,72.88,180.67,266.42,87.64333333333336,0.7081,0.7349,0.7069,0.6865,22.9,23.19,22.94,22.833333333333332,0.0,2.0,0.0,1.0,0.0,5.942653394740752,0.0,2.9624313828562614,2.0,0
23855,2013,2,Valencia,0,0,0,0,0,CORDOBA,33.92,25.71,0.5024,22.15,33960.0,0.0,31.4,29.25,28.92,31.523333333333326,9.38,72.88,180.67,35.990000000000016,0.6165,0.7081,0.7349,0.609,22.41,22.9,23.19,22.486666666666665,1.0,0.0,2.0,0.3333333333333333,2.944640753828033,0.0,5.942653394740752,0.9815469179426777,2.0,0
23855,2013,3,Valencia,0,0,0,0,0,CORDOBA,36.21,105.84,0.3746,23.41,33960.0,0.0,33.92,31.4,29.25,33.84333333333333,25.71,9.38,72.88,46.97666666666669,0.5024,0.6165,0.7081,0.4978333333333333,22.15,22.41,22.9,22.656666666666666,0.0,1.0,0.0,0.3333333333333333,0.0,2.944640753828033,0.0,0.9815469179426777,2.0,0
23855,2013,4,Valencia,0,0,0,0,0,CORDOBA,28.78,155.98,0.4959,23.66,33960.0,0.0,36.21,33.92,31.4,32.97,105.84,25.71,9.38,95.84333333333336,0.3746,0.5024,0.6165,0.4576333333333333,23.41,22.15,22.41,23.073333333333334,0.0,0.0,1.0,0.0,0.0,0.0,2.944640753828033,0.0,2.0,0
23855,2013,5,Valencia,1,1,0,0,0,CORDOBA,30.91,238.28,0.5928,23.4,33960.0,2.944640753828033,28.78,36.21,33.92,31.966666666666665,155.98,105.84,25.71,166.70000000000002,0.4959,0.3746,0.5024,0.4877666666666666,23.66,23.41,22.15,23.49,0.0,0.0,0.0,0.3333333333333333,0.0,0.0,0.0,0.9815469179426777,2.0,0
23855,2013,6,Valencia,6,5,1,4,0,CORDOBA,29.46,251.43,0.6711,23.47,33960.0,17.667844522968196,30.91,28.78,36.21,29.716666666666665,238.28,155.98,105.84,215.23000000000002,0.5928,0.4959,0.3746,0.5865999999999999,23.4,23.66,23.41,23.51,1.0,0.0,0.0,2.3333333333333335,2.944640753828033,0.0,0.0,6.870828425598742,2.0,1
23855,2013,7,Valencia,4,4,0,1,0,CORDOBA,28.6,242.65,0.6715,23.27,33960.0,11.778563015312132,29.46,30.91,28.78,29.656666666666663,251.43,238.28,155.98,244.12,0.6711,0.5928,0.4959,0.6451333333333332,23.47,23.4,23.66,23.38,6.0,1.0,0.0,3.6666666666666665,17.667844522968196,2.944640753828033,0.0,10.797016097369452,2.0,1
23855,2013,8,Valencia,2,2,0,1,0,CORDOBA,28.97,315.05,0.6558,23.17,33960.0,5.889281507656066,28.6,29.46,30.91,29.009999999999994,242.65,251.43,238.28,269.71000000000004,0.6715,0.6711,0.5928,0.6661333333333332,23.27,23.47,23.4,23.30333333333333,4.0,6.0,1.0,4.0,11.778563015312132,17.667844522968196,2.944640753828033,11.77856301531213,2.0,0
23855,2013,9,Valencia,0,0,0,0,0,CORDOBA,28.61,238.02,0.7048,23.21,33960.0,0.0,28.97,28.6,29.46,28.72666666666666,315.05,242.65,251.43,265.24,0.6558,0.6715,0.6711,0.6773666666666666,23.17,23.27,23.47,23.21666666666667,2.0,4.0,6.0,2.0,5.889281507656066,11.778563015312132,17.667844522968196,5.889281507656066,2.0,0
23855,2013,10,Valencia,1,0,1,0,0,CORDOBA,28.99,241.11,0.7033,23.19,33960.0,2.944640753828033,28.61,28.97,28.6,28.856666666666666,238.02,315.05,242.65,264.7266666666667,0.7048,0.6558,0.6715,0.6879666666666666,23.21,23.17,23.27,23.19,0.0,2.0,4.0,1.0,0.0,5.889281507656066,11.778563015312132,2.944640753828033,2.0,0
23855,2013,11,Valencia,2,2,0,0,0,CORDOBA,28.76,167.98,0.7458,22.84,33960.0,5.889281507656066,28.99,28.61,28.97,28.78666666666666,241.11,238.02,315.05,215.70333333333338,0.7033,0.7048,0.6558,0.7179666666666665,23.19,23.21,23.17,23.080000000000002,1.0,0.0,2.0,1.0,2.944640753828033,0.0,5.889281507656066,2.9446407538280326,2.0,0
23855,2013,12,Valencia,1,1,0,1,0,CORDOBA,29.62,94.84,0.7023,22.82,33960.0,2.944640753828033,28.76,28.99,28.61,29.12333333333333,167.98,241.11,238.02,167.97666666666672,0.7458,0.7033,0.7048,0.7171333333333333,22.84,23.19,23.21,22.95,2.0,1.0,0.0,1.3333333333333333,5.889281507656066,2.944640753828033,0.0,3.9261876717707107,2.0,0
23855,2014,1,Valencia,2,2,0,1,0,CORDOBA,30.44,37.77,0.6056,22.58,34287.0,5.833114591536151,29.62,28.76,28.99,29.606666666666666,94.84,167.98,241.11,100.19666666666672,0.7023,0.7458,0.7033,0.6845666666666667,22.82,22.84,23.19,22.74666666666667,1.0,2.0,1.0,1.6666666666666667,2.944640753828033,5.889281507656066,2.944640753828033,4.889012284340083,2.0,0
23855,2014,2,Valencia,5,5,0,4,0,CORDOBA,33.52,21.27,0.5186,22.01,34287.0,14.582786478840378,30.44,29.62,28.76,31.193333333333328,37.77,94.84,167.98,51.29333333333337,0.6056,0.7023,0.7458,0.6088333333333332,22.58,22.82,22.84,22.47,2.0,1.0,2.0,2.6666666666666665,5.833114591536151,2.944640753828033,5.889281507656066,7.786847274734853,2.0,1
23855,2014,3,Valencia,3,3,0,2,0,CORDOBA,36.74,34.39,0.455,22.16,34287.0,8.749671887304226,33.52,30.44,29.62,33.56666666666666,21.27,37.77,94.84,31.143333333333374,0.5186,0.6056,0.7023,0.5263999999999999,22.01,22.58,22.82,22.25,5.0,2.0,1.0,3.3333333333333335,14.582786478840378,5.833114591536151,2.944640753828033,9.721857652560251,2.0,1
23855,2014,4,Valencia,0,0,0,0,0,CORDOBA,32.1,160.18,0.4476,23.43,34287.0,0.0,36.74,33.52,30.44,34.12,34.39,21.27,37.77,71.9466666666667,0.455,0.5186,0.6056,0.4737333333333333,22.16,22.01,22.58,22.53333333333333,3.0,5.0,2.0,2.6666666666666665,8.749671887304226,14.582786478840378,5.833114591536151,7.7774861220482,2.0,0
23855,2014,5,Valencia,1,1,0,0,0,CORDOBA,32.17,212.45,0.6118,23.58,34287.0,2.9165572957680754,32.1,36.74,33.52,33.669999999999995,160.18,34.39,21.27,135.67333333333337,0.4476,0.455,0.5186,0.5047999999999999,23.43,22.16,22.01,23.05666666666666,0.0,3.0,5.0,1.3333333333333333,0.0,8.749671887304226,14.582786478840378,3.8887430610241,2.0,0
23855,2014,6,Valencia,0,0,0,0,0,CORDOBA,29.9,248.66,0.6929,23.91,34287.0,0.0,32.17,32.1,36.74,31.38999999999999,212.45,160.18,34.39,207.0966666666667,0.6118,0.4476,0.455,0.5840999999999998,23.58,23.43,22.16,23.64,1.0,0.0,3.0,0.3333333333333333,2.9165572957680754,0.0,8.749671887304226,0.9721857652560245,2.0,0
23855,2014,7,Valencia,0,0,0,0,0,CORDOBA,31.17,205.15,0.673,23.92,34287.0,0.0,29.9,32.17,32.1,31.079999999999995,248.66,212.45,160.18,222.0866666666667,0.6929,0.6118,0.4476,0.6592333333333332,23.91,23.58,23.43,23.80333333333333,0.0,1.0,0.0,0.3333333333333333,0.0,2.9165572957680754,0.0,0.9721857652560245,2.0,0
23855,2014,8,Valencia,2,2,0,0,0,CORDOBA,28.9,358.88,0.6589,23.29,34287.0,5.833114591536151,31.17,29.9,32.17,29.98999999999999,205.15,248.66,212.45,270.8966666666667,0.673,0.6929,0.6118,0.6749333333333333,23.92,23.91,23.58,23.706666666666667,0.0,0.0,1.0,0.6666666666666666,0.0,0.0,2.9165572957680754,1.9443715305120497,2.0,0
23855,2014,9,Valencia,1,1,0,0,0,CORDOBA,28.72,257.54,0.6586,23.28,34287.0,2.9165572957680754,28.9,31.17,29.9,29.59666666666666,358.88,205.15,248.66,273.85666666666674,0.6589,0.673,0.6929,0.6635,23.29,23.92,23.91,23.49666666666667,2.0,0.0,0.0,1.0,5.833114591536151,0.0,0.0,2.9165572957680745,2.0,0
23855,2014,10,Valencia,6,6,0,4,0,CORDOBA,28.33,266.89,0.6404,23.26,34287.0,17.49934377460845,28.72,28.9,31.17,28.64999999999999,257.54,358.88,205.15,294.43666666666667,0.6586,0.6589,0.673,0.6526333333333333,23.28,23.29,23.92,23.27666666666667,1.0,2.0,0.0,3.0,2.9165572957680754,5.833114591536151,0.0,8.749671887304226,2.0,1
23855,2014,11,Valencia,13,13,0,8,0,CORDOBA,28.2,198.89,0.7036,23.11,34287.0,37.91524484498498,28.33,28.72,28.9,28.416666666666657,266.89,257.54,358.88,241.10666666666668,0.6404,0.6586,0.6589,0.6675333333333332,23.26,23.28,23.29,23.21666666666667,6.0,1.0,2.0,6.666666666666667,17.49934377460845,2.9165572957680754,5.833114591536151,19.443715305120502,2.0,1
23855,2014,12,Valencia,1,1,0,1,0,CORDOBA,29.21,104.77,0.6953,23.13,34287.0,2.9165572957680754,28.2,28.33,28.72,28.579999999999995,198.89,266.89,257.54,190.18333333333337,0.7036,0.6404,0.6586,0.6797666666666666,23.11,23.26,23.28,23.166666666666668,13.0,6.0,1.0,6.666666666666667,37.91524484498498,17.49934377460845,2.9165572957680754,19.443715305120502,2.0,0
23855,2015,1,Valencia,1,1,0,0,0,CORDOBA,31.44,39.63,0.5898,22.41,34631.0,2.887586266639716,29.21,28.2,28.33,29.61666666666666,104.77,198.89,266.89,114.43000000000002,0.6953,0.7036,0.6404,0.6628999999999999,23.13,23.11,23.26,22.883333333333336,1.0,13.0,6.0,5.0,2.9165572957680754,37.91524484498498,17.49934377460845,14.573129469130924,2.0,0
23855,2015,2,Valencia,1,1,0,1,0,CORDOBA,33.77,32.51,0.5626,22.23,34631.0,2.887586266639716,31.44,29.21,28.2,31.47333333333333,39.63,104.77,198.89,58.970000000000034,0.5898,0.6953,0.7036,0.6159,22.41,23.13,23.11,22.59,1.0,1.0,13.0,1.0,2.887586266639716,2.9165572957680754,37.91524484498498,2.8972432763491667,2.0,0
23855,2015,3,Valencia,1,1,0,0,0,CORDOBA,36.56,26.41,0.5021,22.0,34631.0,2.887586266639716,33.77,31.44,29.21,33.923333333333325,32.51,39.63,104.77,32.85000000000004,0.5626,0.5898,0.6953,0.5514999999999999,22.23,22.41,23.13,22.213333333333335,1.0,1.0,1.0,1.0,2.887586266639716,2.887586266639716,2.9165572957680754,2.887586266639716,2.0,0
23855,2015,4,Valencia,0,0,0,0,0,CORDOBA,34.43,162.93,0.5302,23.56,34631.0,0.0,36.56,33.77,31.44,34.919999999999995,26.41,32.51,39.63,73.95000000000003,0.5021,0.5626,0.5898,0.5316333333333333,22.0,22.23,22.41,22.596666666666664,1.0,1.0,1.0,0.6666666666666666,2.887586266639716,2.887586266639716,2.887586266639716,1.9250575110931416,2.0,0
23855,2015,5,Valencia,0,0,0,0,0,CORDOBA,30.99,247.61,0.5419,23.96,34631.0,0.0,34.43,36.56,33.77,33.993333333333325,162.93,26.41,32.51,145.65000000000006,0.5302,0.5021,0.5626,0.5247333333333333,23.56,22.0,22.23,23.173333333333332,0.0,1.0,1.0,0.3333333333333333,0.0,2.887586266639716,2.887586266639716,0.9625287555465696,2.0,0
23855,2015,6,Valencia,4,4,0,2,0,CORDOBA,32.19,170.05,0.7214,24.16,34631.0,11.550345066558863,30.99,34.43,36.56,32.536666666666655,247.61,162.93,26.41,193.53000000000006,0.5419,0.5302,0.5021,0.5978333333333333,23.96,23.56,22.0,23.89333333333333,0.0,0.0,1.0,1.3333333333333333,0.0,0.0,2.887586266639716,3.8501150221862854,2.0,1
23855,2015,7,Valencia,4,4,0,2,0,CORDOBA,29.78,224.81,0.6976,23.82,34631.0,11.550345066558863,32.19,30.99,34.43,30.98666666666666,170.05,247.61,162.93,214.15666666666672,0.7214,0.5419,0.5302,0.6536333333333333,24.16,23.96,23.56,23.98,4.0,0.0,0.0,2.6666666666666665,11.550345066558863,0.0,0.0,7.7002300443725735,2.0,1
23855,2015,8,Valencia,4,4,0,3,0,CORDOBA,29.58,224.54,0.6398,23.97,34631.0,11.550345066558863,29.78,32.19,30.99,30.516666666666662,224.81,170.05,247.61,206.4666666666667,0.6976,0.7214,0.5419,0.6862666666666666,23.82,24.16,23.96,23.983333333333334,4.0,4.0,0.0,4.0,11.550345066558863,11.550345066558863,0.0,11.550345066558863,2.0,1
23855,2015,9,Valencia,4,4,0,4,0,CORDOBA,30.42,240.99,0.6555,23.87,34631.0,11.550345066558863,29.58,29.78,32.19,29.92666666666666,224.54,224.81,170.05,230.11333333333337,0.6398,0.6976,0.7214,0.6642999999999999,23.97,23.82,24.16,23.886666666666667,4.0,4.0,4.0,4.0,11.550345066558863,11.550345066558863,11.550345066558863,11.550345066558863,2.0,1
23855,2015,10,Valencia,8,8,0,3,0,CORDOBA,30.28,312.47,0.7126,23.72,34631.0,23.100690133117727,30.42,29.58,29.78,30.093333333333323,240.99,224.54,224.81,259.3333333333334,0.6555,0.6398,0.6976,0.6692999999999999,23.87,23.97,23.82,23.853333333333335,4.0,4.0,4.0,5.333333333333333,11.550345066558863,11.550345066558863,11.550345066558863,15.400460088745149,2.0,1
23855,2015,11,Valencia,15,15,0,4,0,CORDOBA,29.22,255.68,0.6989,23.49,34631.0,43.31379399959574,30.28,30.42,29.58,29.97333333333333,312.47,240.99,224.54,269.7133333333334,0.7126,0.6555,0.6398,0.689,23.72,23.87,23.97,23.69333333333333,8.0,4.0,4.0,9.0,23.100690133117727,11.550345066558863,11.550345066558863,25.98827639975744,2.0,1
23855,2015,12,Valencia,11,11,0,2,0,CORDOBA,30.23,138.3,0.6823,24.06,34631.0,31.763448933036873,29.22,30.28,30.42,29.909999999999993,255.68,312.47,240.99,235.48333333333335,0.6989,0.7126,0.6555,0.6979333333333333,23.49,23.72,23.87,23.756666666666664,15.0,8.0,4.0,11.333333333333334,43.31379399959574,23.100690133117727,11.550345066558863,32.72597768858345,2.0,1
23855,2016,1,Valencia,8,8,0,4,0,CORDOBA,30.45,14.31,0.6366,22.82,35002.0,22.85583680932518,30.23,29.22,30.28,29.966666666666658,138.3,255.68,312.47,136.09666666666672,0.6823,0.6989,0.7126,0.6726,24.06,23.49,23.72,23.456666666666667,11.0,15.0,8.0,11.333333333333334,31.763448933036873,43.31379399959574,23.100690133117727,32.64435991398593,2.0,1
23855,2016,2,Valencia,4,4,0,2,0,CORDOBA,33.02,10.57,0.4293,22.42,35002.0,11.42791840466259,30.45,30.23,29.22,31.23333333333333,14.31,138.3,255.68,54.39333333333337,0.6366,0.6823,0.6989,0.5827333333333332,22.82,24.06,23.49,23.100000000000005,8.0,11.0,15.0,7.666666666666667,22.85583680932518,31.763448933036873,43.31379399959574,22.015734715674878,2.0,1
23855,2016,3,Valencia,1,1,0,0,0,CORDOBA,36.2,18.36,0.4727,22.33,35002.0,2.8569796011656474,33.02,30.45,30.23,33.22333333333333,10.57,14.31,138.3,14.413333333333371,0.4293,0.6366,0.6823,0.5128666666666666,22.42,22.82,24.06,22.52333333333333,4.0,8.0,11.0,4.333333333333333,11.42791840466259,22.85583680932518,31.763448933036873,12.380244938384472,2.0,0
23855,2016,4,Valencia,0,0,0,0,0,CORDOBA,35.5,164.68,0.3751,23.54,35002.0,0.0,36.2,33.02,30.45,34.906666666666666,18.36,10.57,14.31,64.5366666666667,0.4727,0.4293,0.6366,0.42569999999999997,22.33,22.42,22.82,22.763333333333332,1.0,4.0,8.0,1.6666666666666667,2.8569796011656474,11.42791840466259,22.85583680932518,4.76163266860941,2.0,0
23855,2016,5,Valencia,0,0,0,0,0,CORDOBA,31.87,291.68,0.5877,24.15,35002.0,0.0,35.5,36.2,33.02,34.523333333333326,164.68,18.36,10.57,158.24000000000004,0.3751,0.4727,0.4293,0.4784999999999999,23.54,22.33,22.42,23.34,0.0,1.0,4.0,0.3333333333333333,0.0,2.8569796011656474,11.42791840466259,0.9523265337218801,2.0,0
23855,2016,6,Valencia,0,0,0,0,0,CORDOBA,29.16,295.4,0.7177,23.64,35002.0,0.0,31.87,35.5,36.2,32.176666666666655,291.68,164.68,18.36,250.5866666666667,0.5877,0.3751,0.4727,0.5601666666666666,24.15,23.54,22.33,23.776666666666667,0.0,0.0,1.0,0.0,0.0,0.0,2.8569796011656474,0.0,2.0,0
23855,2016,7,Valencia,0,0,0,0,0,CORDOBA,29.29,286.82,0.706,23.47,35002.0,0.0,29.16,31.87,35.5,30.10666666666666,295.4,291.68,164.68,291.3,0.7177,0.5877,0.3751,0.6704666666666665,23.64,24.15,23.54,23.75333333333333,0.0,0.0,0.0,0.0,0.0,0.0,0.0,0.0,2.0,0
23855,2016,8,Valencia,0,0,0,0,0,CORDOBA,28.86,256.83,0.7488,23.7,35002.0,0.0,29.29,29.16,31.87,29.103333333333325,286.82,295.4,291.68,279.68333333333334,0.706,0.7177,0.5877,0.7241666666666666,23.47,23.64,24.15,23.603333333333335,0.0,0.0,0.0,0.0,0.0,0.0,0.0,0.0,2.0,0
23855,2016,9,Valencia,2,2,0,2,0,CORDOBA,29.38,217.29,0.6786,23.43,35002.0,5.713959202331295,28.86,29.29,29.16,29.17666666666666,256.83,286.82,295.4,253.64666666666668,0.7488,0.706,0.7177,0.7111333333333332,23.7,23.47,23.64,23.53333333333333,0.0,0.0,0.0,0.6666666666666666,0.0,0.0,0.0,1.9046530674437625,2.0,0
23855,2016,10,Valencia,0,0,0,0,0,CORDOBA,29.06,247.76,0.6287,23.28,35002.0,0.0,29.38,28.86,29.29,29.099999999999994,217.29,256.83,286.82,240.6266666666667,0.6786,0.7488,0.706,0.6853666666666666,23.43,23.7,23.47,23.47,2.0,0.0,0.0,0.6666666666666666,5.713959202331295,0.0,0.0,1.9046530674437625,2.0,0
23855,2016,11,Valencia,1,1,0,1,0,CORDOBA,28.51,251.54,0.7364,23.15,35002.0,2.8569796011656474,29.06,29.38,28.86,28.983333333333324,247.76,217.29,256.83,238.86333333333337,0.6287,0.6786,0.7488,0.6812333333333332,23.28,23.43,23.7,23.286666666666665,0.0,2.0,0.0,1.0,0.0,5.713959202331295,0.0,2.8569796011656448,2.0,0
23855,2016,12,Valencia,0,0,0,0,0,CORDOBA,28.38,156.33,0.7499,23.09,35002.0,0.0,28.51,29.06,29.38,28.649999999999995,251.54,247.76,217.29,218.54333333333338,0.7364,0.6287,0.6786,0.7050000000000001,23.15,23.28,23.43,23.173333333333336,1.0,0.0,2.0,0.3333333333333333,2.8569796011656474,0.0,5.713959202331295,0.9523265337218801,2.0,0
23855,2017,1,Valencia,1,1,0,0,0,CORDOBA,29.49,34.49,0.694,21.96,35283.0,2.8342261145594194,28.38,28.51,29.06,28.793333333333326,156.33,251.54,247.76,147.45333333333338,0.7499,0.7364,0.6287,0.7267666666666667,23.09,23.15,23.28,22.733333333333334,0.0,1.0,0.0,0.6666666666666666,0.0,2.8569796011656474,0.0,1.8970685719083533,2.0,0
23855,2017,2,Valencia,0,0,0,0,0,CORDOBA,33.14,12.03,0.6017,21.13,35283.0,0.0,29.49,28.38,28.51,30.33666666666666,34.49,156.33,251.54,67.61666666666672,0.694,0.7499,0.7364,0.6818666666666666,21.96,23.09,23.15,22.06,1.0,0.0,1.0,0.3333333333333333,2.8342261145594194,0.0,2.8569796011656474,0.9447420381864707,2.0,0
23855,2017,3,Valencia,0,0,0,0,0,CORDOBA,32.86,118.25,0.5288,22.43,35283.0,0.0,33.14,29.49,28.38,31.829999999999995,12.03,34.49,156.33,54.92333333333337,0.6017,0.694,0.7499,0.6081666666666666,21.13,21.96,23.09,21.84,0.0,1.0,0.0,0.3333333333333333,0.0,2.8342261145594194,0.0,0.9447420381864707,2.0,0
23855,2017,4,Valencia,0,0,0,0,0,CORDOBA,33.1,169.15,0.6004,23.6,35283.0,0.0,32.86,33.14,29.49,33.03333333333333,118.25,12.03,34.49,99.81000000000004,0.5288,0.6017,0.694,0.5769666666666666,22.43,21.13,21.96,22.386666666666667,0.0,0.0,1.0,0.0,0.0,0.0,2.8342261145594194,0.0,2.0,0
23855,2017,5,Valencia,0,0,0,0,0,CORDOBA,29.87,283.81,0.659,23.83,35283.0,0.0,33.1,32.86,33.14,31.943333333333328,169.15,118.25,12.03,190.4033333333334,0.6004,0.5288,0.6017,0.5960666666666666,23.6,22.43,21.13,23.286666666666665,0.0,0.0,0.0,0.0,0.0,0.0,0.0,0.0,2.0,0
23855,2017,6,Valencia,0,0,0,0,0,CORDOBA,29.39,328.66,0.6862,23.73,35283.0,0.0,29.87,33.1,32.86,30.78666666666666,283.81,169.15,118.25,260.54,0.659,0.6004,0.5288,0.6485333333333333,23.83,23.6,22.43,23.72,0.0,0.0,0.0,0.0,0.0,0.0,0.0,0.0,2.0,0
23855,2017,7,Valencia,0,0,0,0,0,CORDOBA,28.64,355.11,0.696,23.7,35283.0,0.0,29.39,29.87,33.1,29.299999999999997,328.66,283.81,169.15,322.5266666666667,0.6862,0.659,0.6004,0.6804,23.73,23.83,23.6,23.753333333333334,0.0,0.0,0.0,0.0,0.0,0.0,0.0,0.0,2.0,0
23855,2017,8,Valencia,0,0,0,0,0,CORDOBA,28.43,280.12,0.7051,23.57,35283.0,0.0,28.64,29.39,29.87,28.819999999999993,355.11,328.66,283.81,321.2966666666667,0.696,0.6862,0.659,0.6957666666666666,23.7,23.73,23.83,23.666666666666668,0.0,0.0,0.0,0.0,0.0,0.0,0.0,0.0,2.0,0
23855,2017,9,Valencia,1,1,0,1,0,CORDOBA,30.59,293.68,0.7293,23.67,35283.0,2.8342261145594194,28.43,28.64,29.39,29.219999999999995,280.12,355.11,328.66,309.6366666666667,0.7051,0.696,0.6862,0.7101333333333333,23.57,23.7,23.73,23.646666666666665,0.0,0.0,0.0,0.3333333333333333,0.0,0.0,0.0,0.9447420381864707,2.0,0
23855,2017,10,Valencia,2,2,0,1,0,CORDOBA,28.35,253.29,0.625,23.52,35283.0,5.668452229118839,30.59,28.43,28.64,29.123333333333324,293.68,280.12,355.11,275.6966666666667,0.7293,0.7051,0.696,0.6864666666666666,23.67,23.57,23.7,23.586666666666662,1.0,0.0,0.0,1.0,2.8342261145594194,0.0,0.0,2.834226114559417,2.0,0
23855,2017,11,Valencia,0,0,0,0,0,CORDOBA,28.6,136.76,0.7037,23.16,35283.0,0.0,28.35,30.59,28.43,29.179999999999996,253.29,293.68,280.12,227.91,0.625,0.7293,0.7051,0.6859999999999999,23.52,23.67,23.57,23.450000000000003,2.0,1.0,0.0,1.0,5.668452229118839,2.8342261145594194,0.0,2.834226114559417,2.0,0
23855,2017,12,Valencia,0,0,0,0,0,CORDOBA,29.87,81.0,0.7298,22.68,35283.0,0.0,28.6,28.35,30.59,28.939999999999998,136.76,253.29,293.68,157.01666666666668,0.7037,0.625,0.7293,0.6861666666666667,23.16,23.52,23.67,23.12,0.0,2.0,1.0,0.6666666666666666,0.0,5.668452229118839,2.8342261145594194,1.889484076372944,2.0,0
23855,2018,1,Valencia,0,0,0,0,0,CORDOBA,29.6,133.79,0.6797,22.69,35681.0,0.0,29.87,28.6,28.35,29.356666666666666,81.0,136.76,253.29,117.18333333333335,0.7298,0.7037,0.625,0.7044,22.68,23.16,23.52,22.843333333333334,0.0,0.0,2.0,0.0,0.0,0.0,5.668452229118839,0.0,2.0,0
23855,2018,2,Valencia,3,3,0,0,0,CORDOBA,32.55,11.76,0.6553,20.73,35681.0,8.407836103248227,29.6,29.87,28.6,30.67333333333333,133.79,81.0,136.76,75.5166666666667,0.6797,0.7298,0.7037,0.6882666666666667,22.69,22.68,23.16,22.033333333333335,0.0,0.0,0.0,1.0,0.0,0.0,0.0,2.802612034416073,2.0,1
23855,2018,3,Valencia,3,3,0,0,0,CORDOBA,36.01,41.34,0.4948,22.01,35681.0,8.407836103248227,32.55,29.6,29.87,32.71999999999999,11.76,133.79,81.0,62.2966666666667,0.6553,0.6797,0.7298,0.6099333333333333,20.73,22.69,22.68,21.810000000000002,3.0,0.0,0.0,2.0,8.407836103248227,0.0,0.0,5.6052240688321495,2.0,1
23855,2018,4,Valencia,0,0,0,0,0,CORDOBA,34.41,195.35,0.5461,22.98,35681.0,0.0,36.01,32.55,29.6,34.32333333333333,41.34,11.76,133.79,82.8166666666667,0.4948,0.6553,0.6797,0.5653999999999999,22.01,20.73,22.69,21.906666666666666,3.0,3.0,0.0,2.0,8.407836103248227,8.407836103248227,0.0,5.6052240688321495,2.0,0
23855,2018,5,Valencia,3,3,0,2,0,CORDOBA,29.35,317.6,0.7189,23.5,35681.0,8.407836103248227,34.41,36.01,32.55,33.25666666666666,195.35,41.34,11.76,184.7633333333334,0.5461,0.4948,0.6553,0.5865999999999999,22.98,22.01,20.73,22.83,0.0,3.0,3.0,2.0,0.0,8.407836103248227,8.407836103248227,5.6052240688321495,2.0,1
23855,2018,6,Valencia,7,7,0,2,0,CORDOBA,29.45,289.67,0.669,23.6,35681.0,19.61828424091253,29.35,34.41,36.01,31.069999999999997,317.6,195.35,41.34,267.54,0.7189,0.5461,0.4948,0.6446666666666666,23.5,22.98,22.01,23.36,3.0,0.0,3.0,3.3333333333333335,8.407836103248227,0.0,8.407836103248227,9.34204011472025,2.0,1
23855,2018,7,Valencia,32,32,0,16,0,CORDOBA,28.56,257.23,0.6539,23.61,35681.0,89.68358510131443,29.45,29.35,34.41,29.119999999999994,289.67,317.6,195.35,288.16666666666674,0.669,0.7189,0.5461,0.6806,23.6,23.5,22.98,23.569999999999997,7.0,3.0,0.0,14.0,19.61828424091253,8.407836103248227,0.0,39.23656848182506,2.0,1
23855,2018,8,Valencia,100,100,0,33,0,CORDOBA,29.06,251.82,0.71,23.5,35681.0,280.26120344160756,28.56,29.45,29.35,29.02333333333333,257.23,289.67,317.6,266.24,0.6539,0.669,0.7189,0.6776333333333332,23.61,23.6,23.5,23.569999999999997,32.0,7.0,3.0,46.333333333333336,89.68358510131443,19.61828424091253,8.407836103248227,129.8543575946115,2.0,1
23855,2018,9,Valencia,54,54,0,22,0,CORDOBA,29.54,270.33,0.6964,23.33,35681.0,151.3410498584681,29.06,28.56,29.45,29.053333333333327,251.82,257.23,289.67,259.79333333333335,0.71,0.6539,0.669,0.6867666666666666,23.5,23.61,23.6,23.48,100.0,32.0,7.0,62.0,280.26120344160756,89.68358510131443,19.61828424091253,173.76194613379667,2.0,1
23855,2018,10,Valencia,44,44,0,12,0,CORDOBA,29.26,277.86,0.7173,23.28,35681.0,123.31492951430734,29.54,29.06,28.56,29.28666666666666,270.33,251.82,257.23,266.67,0.6964,0.71,0.6539,0.7079,23.33,23.5,23.61,23.37,54.0,100.0,32.0,66.0,151.3410498584681,280.26120344160756,89.68358510131443,184.97239427146098,2.0,1
23855,2018,11,Valencia,38,38,0,13,0,CORDOBA,28.78,161.82,0.7027,23.58,35681.0,106.4992573078109,29.26,29.54,29.06,29.193333333333328,277.86,270.33,251.82,236.67,0.7173,0.6964,0.71,0.7054666666666666,23.28,23.33,23.5,23.396666666666665,44.0,54.0,100.0,45.333333333333336,123.31492951430734,151.3410498584681,280.26120344160756,127.05174556019544,2.0,1
23855,2018,12,Valencia,19,19,0,2,0,CORDOBA,30.33,34.42,0.6638,22.66,35681.0,53.24962865390545,28.78,29.26,29.54,29.456666666666667,161.82,277.86,270.33,158.0333333333334,0.7027,0.7173,0.6964,0.6945999999999999,23.58,23.28,23.33,23.173333333333336,38.0,44.0,54.0,33.666666666666664,106.4992573078109,123.31492951430734,151.3410498584681,94.35460515867457,2.0,1
23855,2019,1,Valencia,14,14,0,0,0,CORDOBA,31.88,13.54,0.5892,21.64,35988.0,38.90185617428031,30.33,28.78,29.26,30.33,34.42,161.82,277.86,69.9266666666667,0.6638,0.7027,0.7173,0.6518999999999999,22.66,23.58,23.28,22.626666666666665,19.0,38.0,44.0,23.666666666666668,53.24962865390545,106.4992573078109,123.31492951430734,66.21691404533222,2.0,1
23855,2019,2,Valencia,19,19,0,1,0,CORDOBA,34.45,12.97,0.4859,21.73,35988.0,52.79537623652328,31.88,30.33,28.78,32.22,13.54,34.42,161.82,20.310000000000038,0.5892,0.6638,0.7027,0.5796333333333332,21.64,22.66,23.58,22.01,14.0,19.0,38.0,17.333333333333332,38.90185617428031,53.24962865390545,106.4992573078109,48.31562035490301,2.0,1
23855,2019,3,Valencia,7,7,0,0,0,CORDOBA,36.72,23.3,0.4621,22.42,35988.0,19.450928087140156,34.45,31.88,30.33,34.35,12.97,13.54,34.42,16.60333333333337,0.4859,0.5892,0.6638,0.5123999999999999,21.73,21.64,22.66,21.930000000000003,19.0,14.0,19.0,13.333333333333334,52.79537623652328,38.90185617428031,53.24962865390545,37.04938683264792,2.0,1
23855,2019,4,Valencia,1,1,0,0,0,CORDOBA,34.54,119.02,0.4176,23.39,35988.0,2.778704012448594,36.72,34.45,31.88,35.23666666666667,23.3,12.97,13.54,51.76333333333337,0.4621,0.4859,0.5892,0.4551999999999999,22.42,21.73,21.64,22.513333333333335,7.0,19.0,14.0,9.0,19.450928087140156,52.79537623652328,38.90185617428031,25.008336112037345,2.0,0
23855,2019,5,Valencia,4,4,0,0,0,CORDOBA,29.82,316.09,0.6265,23.92,35988.0,11.114816049794376,34.54,36.72,34.45,33.693333333333335,119.02,23.3,12.97,152.80333333333337,0.4176,0.4621,0.4859,0.5020666666666666,23.39,22.42,21.73,23.243333333333336,1.0,7.0,19.0,4.0,2.778704012448594,19.450928087140156,52.79537623652328,11.114816049794376,2.0,1
23855,2019,6,Valencia,8,8,0,2,0,CORDOBA,29.48,274.73,0.6847,24.22,35988.0,22.229632099588752,29.82,34.54,36.72,31.28,316.09,119.02,23.3,236.61333333333337,0.6265,0.4176,0.4621,0.5762666666666666,23.92,23.39,22.42,23.843333333333334,4.0,1.0,7.0,4.333333333333333,11.114816049794376,2.778704012448594,19.450928087140156,12.041050720610576,2.0,1
23855,2019,7,Valencia,16,16,0,5,0,CORDOBA,29.42,274.42,0.7084,23.64,35988.0,44.459264199177504,29.48,29.82,34.54,29.573333333333334,274.73,316.09,119.02,288.41333333333336,0.6847,0.6265,0.4176,0.6731999999999999,24.22,23.92,23.39,23.926666666666666,8.0,4.0,1.0,9.333333333333334,22.229632099588752,11.114816049794376,2.778704012448594,25.93457078285354,2.0,1
23855,2019,8,Valencia,8,8,0,2,0,CORDOBA,28.92,279.84,0.6597,23.66,35988.0,22.229632099588752,29.42,29.48,29.82,29.273333333333337,274.42,274.73,316.09,276.33,0.7084,0.6847,0.6265,0.6842666666666665,23.64,24.22,23.92,23.84,16.0,8.0,4.0,10.666666666666666,44.459264199177504,22.229632099588752,11.114816049794376,29.639509466118337,2.0,1
23855,2019,9,Valencia,24,24,0,2,0,CORDOBA,29.65,286.15,0.6799,23.55,35988.0,66.68889629876625,28.92,29.42,29.48,29.33,279.84,274.42,274.73,280.1366666666667,0.6597,0.7084,0.6847,0.6826666666666666,23.66,23.64,24.22,23.616666666666664,8.0,16.0,8.0,16.0,22.229632099588752,44.459264199177504,22.229632099588752,44.459264199177504,2.0,1
23855,2019,10,Valencia,36,36,0,2,0,CORDOBA,29.82,269.5,0.768,23.2,35988.0,100.03334444814939,29.65,28.92,29.42,29.463333333333335,286.15,279.84,274.42,278.49666666666667,0.6799,0.6597,0.7084,0.7025333333333332,23.55,23.66,23.64,23.47,24.0,8.0,16.0,22.666666666666668,66.68889629876625,22.229632099588752,44.459264199177504,62.98395761550146,3.0,1
23855,2019,11,Valencia,55,55,0,9,0,CORDOBA,28.54,180.94,0.6851,23.45,35988.0,152.82872068467267,29.82,29.65,28.92,29.336666666666662,269.5,286.15,279.84,245.53000000000006,0.768,0.6799,0.6597,0.711,23.2,23.55,23.66,23.400000000000002,36.0,24.0,8.0,38.333333333333336,100.03334444814939,66.68889629876625,22.229632099588752,106.51698714386278,4.75,1
23855,2019,12,Valencia,50,50,0,10,0,CORDOBA,29.45,111.26,0.666,23.46,35988.0,138.9352006224297,28.54,29.82,29.65,29.27,180.94,269.5,286.15,187.23333333333338,0.6851,0.768,0.6799,0.7063666666666667,23.45,23.2,23.55,23.37,55.0,36.0,24.0,47.0,152.82872068467267,100.03334444814939,66.68889629876625,130.5990885850839,2.0,1
23855,2020,1,Valencia,19,19,0,6,0,CORDOBA,31.46,26.69,0.6459,21.9,36311.0,52.32574151083694,29.45,28.54,29.82,29.816666666666663,111.26,180.94,269.5,106.2966666666667,0.666,0.6851,0.768,0.6656666666666666,23.46,23.45,23.2,22.936666666666667,50.0,55.0,36.0,41.333333333333336,138.9352006224297,152.82872068467267,100.03334444814939,114.69655427264644,2.0,1
23855,2020,2,Valencia,21,21,0,11,0,CORDOBA,33.76,9.95,0.5479,21.67,36311.0,57.83371430145135,31.46,29.45,28.54,31.55666666666667,26.69,111.26,180.94,49.30000000000004,0.6459,0.666,0.6851,0.6199333333333333,21.9,23.46,23.45,22.343333333333334,19.0,50.0,55.0,30.0,52.32574151083694,138.9352006224297,152.82872068467267,83.03155214490599,3.0,1
23855,2020,3,Valencia,6,6,0,3,0,CORDOBA,35.65,17.74,0.5136,21.22,36311.0,16.523918371843244,33.76,31.46,29.45,33.623333333333335,9.95,26.69,111.26,18.126666666666704,0.5479,0.6459,0.666,0.5691333333333333,21.67,21.9,23.46,21.596666666666668,21.0,19.0,50.0,15.333333333333334,57.83371430145135,52.32574151083694,138.9352006224297,42.2277913947105,2.0,1
23855,2020,4,Valencia,1,1,0,1,0,CORDOBA,33.66,113.42,0.4428,23.18,36311.0,2.7539863953072072,35.65,33.76,31.46,34.35666666666666,17.74,9.95,26.69,47.0366666666667,0.5136,0.5479,0.6459,0.5014333333333333,21.22,21.67,21.9,22.02333333333333,6.0,21.0,19.0,9.333333333333334,16.523918371843244,57.83371430145135,52.32574151083694,25.70387302286726,2.0,0
23855,2020,5,Valencia,0,0,0,0,0,CORDOBA,33.07,222.03,0.5185,23.9,36311.0,0.0,33.66,35.65,33.76,34.126666666666665,113.42,17.74,9.95,117.73000000000006,0.4428,0.5136,0.5479,0.4916333333333332,23.18,21.22,21.67,22.766666666666666,1.0,6.0,21.0,2.3333333333333335,2.7539863953072072,16.523918371843244,57.83371430145135,6.425968255716808,2.0,0
23855,2020,6,Valencia,1,1,0,0,0,CORDOBA,30.03,252.09,0.6726,23.6,36311.0,2.7539863953072072,33.07,33.66,35.65,32.25333333333333,222.03,113.42,17.74,195.84666666666672,0.5185,0.4428,0.5136,0.5446333333333332,23.9,23.18,21.22,23.56,0.0,1.0,6.0,0.6666666666666666,0.0,2.7539863953072072,16.523918371843244,1.8359909302047954,4.0,0
23855,2020,7,Valencia,0,0,0,0,0,CORDOBA,29.59,289.55,0.6442,23.37,36311.0,0.0,30.03,33.07,33.66,30.896666666666665,252.09,222.03,113.42,254.5566666666667,0.6726,0.5185,0.4428,0.6117666666666666,23.6,23.9,23.18,23.623333333333335,1.0,0.0,1.0,0.3333333333333333,2.7539863953072072,0.0,2.7539863953072072,0.9179954651023929,4.0,0
23855,2020,8,Valencia,0,0,0,0,0,CORDOBA,28.72,274.4,0.6426,23.33,36311.0,0.0,29.59,30.03,33.07,29.44666666666667,289.55,252.09,222.03,272.0133333333334,0.6442,0.6726,0.5185,0.6531333333333332,23.37,23.6,23.9,23.433333333333334,0.0,1.0,0.0,0.3333333333333333,0.0,2.7539863953072072,0.0,0.9179954651023929,2.0,0
23855,2020,9,Valencia,5,5,0,0,0,CORDOBA,29.93,265.25,0.7344,23.27,36311.0,13.769931976536034,28.72,29.59,30.03,29.41333333333333,274.4,289.55,252.09,276.40000000000003,0.6426,0.6442,0.6726,0.6737333333333332,23.33,23.37,23.6,23.323333333333334,0.0,0.0,1.0,1.6666666666666667,0.0,0.0,2.7539863953072072,4.5899773255120015,2.0,1
23855,2020,10,Valencia,1,1,0,1,0,CORDOBA,29.4,227.58,0.7089,23.27,36311.0,2.7539863953072072,29.93,28.72,29.59,29.349999999999998,265.25,274.4,289.55,255.74333333333337,0.7344,0.6426,0.6442,0.6952999999999999,23.27,23.33,23.37,23.290000000000003,5.0,0.0,0.0,2.0,13.769931976536034,0.0,0.0,5.507972790614404,6.0,0
23855,2020,11,Valencia,1,1,0,0,0,CORDOBA,28.65,205.83,0.7492,23.1,36311.0,2.7539863953072072,29.4,29.93,28.72,29.326666666666664,227.58,265.25,274.4,232.88666666666674,0.7089,0.7344,0.6426,0.7308333333333333,23.27,23.27,23.33,23.213333333333335,1.0,5.0,0.0,2.3333333333333335,2.7539863953072072,13.769931976536034,0.0,6.425968255716807,13.0,0
23855,2020,12,Valencia,1,1,0,0,0,CORDOBA,28.42,86.77,0.7137,22.87,36311.0,2.7539863953072072,28.65,29.4,29.93,28.823333333333334,205.83,227.58,265.25,173.3933333333334,0.7492,0.7089,0.7344,0.7239333333333332,23.1,23.27,23.27,23.080000000000002,1.0,1.0,5.0,1.0,2.7539863953072072,2.7539863953072072,13.769931976536034,2.7539863953072072,2.0,0
23855,2021,1,Valencia,2,2,0,1,0,CORDOBA,30.38,33.17,0.6874,21.85,36493.0,5.480503110185515,28.42,28.65,29.4,29.149999999999995,86.77,205.83,227.58,108.59000000000005,0.7137,0.7492,0.7089,0.7167666666666666,22.87,23.1,23.27,22.60666666666667,1.0,1.0,1.0,1.3333333333333333,2.7539863953072072,2.7539863953072072,2.7539863953072072,3.662825300266634,2.0,0
23855,2021,2,Valencia,1,1,0,1,0,CORDOBA,33.41,20.08,0.5623,21.74,36493.0,2.7402515550927573,30.38,28.42,28.65,30.736666666666668,33.17,86.77,205.83,46.67333333333338,0.6874,0.7137,0.7492,0.6544666666666665,21.85,22.87,23.1,22.153333333333336,2.0,1.0,1.0,1.3333333333333333,5.480503110185515,2.7539863953072072,2.7539863953072072,3.6582470201951502,3.75,0
23855,2021,3,Valencia,0,0,0,0,0,CORDOBA,34.38,258.43,0.5541,21.74,36493.0,0.0,33.41,30.38,28.42,32.723333333333336,20.08,33.17,86.77,103.89333333333339,0.5623,0.6874,0.7137,0.6012666666666666,21.74,21.85,22.87,21.776666666666667,1.0,2.0,1.0,1.0,2.7402515550927573,5.480503110185515,2.7539863953072072,2.7402515550927475,2.5,0
23855,2021,4,Valencia,0,0,0,0,0,CORDOBA,31.17,299.05,0.5768,23.46,36493.0,0.0,34.38,33.41,30.38,32.986666666666665,258.43,20.08,33.17,192.52000000000007,0.5541,0.5623,0.6874,0.5643999999999999,21.74,21.74,21.85,22.313333333333333,0.0,1.0,2.0,0.3333333333333333,0.0,2.7402515550927573,5.480503110185515,0.9134171850309096,2.0,0
23855,2021,5,Valencia,1,1,0,1,0,CORDOBA,30.02,274.68,0.5962,23.65,36493.0,2.7402515550927573,31.17,34.38,33.41,31.85666666666667,299.05,258.43,20.08,277.38666666666677,0.5768,0.5541,0.5623,0.5756999999999999,23.46,21.74,21.74,22.95,0.0,0.0,1.0,0.3333333333333333,0.0,0.0,2.7402515550927573,0.9134171850309096,2.0,0
23855,2021,6,Valencia,0,0,0,0,0,CORDOBA,28.19,259.71,0.7466,23.34,36493.0,0.0,30.02,31.17,34.38,29.793333333333333,274.68,299.05,258.43,277.8133333333334,0.5962,0.5768,0.5541,0.6398666666666665,23.65,23.46,21.74,23.483333333333334,1.0,0.0,0.0,0.3333333333333333,2.7402515550927573,0.0,0.0,0.9134171850309096,3.25,0
23855,2021,7,Valencia,5,5,0,3,0,CORDOBA,29.26,326.68,0.734,23.42,36493.0,13.701257775463787,28.19,30.02,31.17,29.156666666666666,259.71,274.68,299.05,287.02333333333337,0.7466,0.5962,0.5768,0.6922666666666665,23.34,23.65,23.46,23.47,0.0,1.0,0.0,2.0,0.0,2.7402515550927573,0.0,5.480503110185506,3.25,1
23855,2021,8,Valencia,12,12,0,3,0,CORDOBA,28.61,318.48,0.6667,23.2,36493.0,32.88301866111309,29.26,28.19,30.02,28.686666666666667,326.68,259.71,274.68,301.6233333333334,0.734,0.7466,0.5962,0.7157666666666666,23.42,23.34,23.65,23.320000000000004,5.0,0.0,1.0,5.666666666666667,13.701257775463787,0.0,2.7402515550927573,15.528092145525617,2.0,1
23855,2021,9,Valencia,9,9,0,6,0,CORDOBA,29.34,253.55,0.689,23.35,36493.0,24.66226399583482,28.61,29.26,28.19,29.070000000000004,318.48,326.68,259.71,299.57000000000005,0.6667,0.734,0.7466,0.6965666666666666,23.2,23.42,23.34,23.323333333333334,12.0,5.0,0.0,8.666666666666666,32.88301866111309,13.701257775463787,0.0,23.748846810803894,3.5,1
23855,2021,10,Valencia,22,22,0,7,0,CORDOBA,27.48,249.47,0.5935,23.35,36493.0,60.285534212040666,29.34,28.61,29.26,28.476666666666663,253.55,318.48,326.68,273.8333333333334,0.689,0.6667,0.734,0.6497333333333332,23.35,23.2,23.42,23.3,9.0,12.0,5.0,14.333333333333334,24.66226399583482,32.88301866111309,13.701257775463787,39.276938956329516,5.0,1
23855,2021,11,Valencia,16,16,0,6,0,CORDOBA,28.97,159.65,0.6891,23.06,36493.0,43.84402488148412,27.48,29.34,28.61,28.596666666666664,249.47,253.55,318.48,220.89000000000007,0.5935,0.689,0.6667,0.6571999999999999,23.35,23.35,23.2,23.25333333333333,22.0,9.0,12.0,15.666666666666666,60.285534212040666,24.66226399583482,32.88301866111309,42.930607696453194,10.25,1
23855,2021,12,Valencia,25,25,0,8,0,CORDOBA,28.79,92.35,0.6175,23.16,36493.0,68.50628887731894,28.97,27.48,29.34,28.41333333333333,159.65,249.47,253.55,167.15666666666672,0.6891,0.5935,0.689,0.6333666666666665,23.06,23.35,23.35,23.19,16.0,22.0,9.0,21.0,43.84402488148412,60.285534212040666,24.66226399583482,57.5452826569479,2.0,1
23855,2022,1,Valencia,17,17,0,9,0,CORDOBA,29.87,17.73,0.6437,21.89,36591.0,46.459511901833785,28.79,28.97,27.48,29.209999999999997,92.35,159.65,249.47,89.91000000000007,0.6175,0.6891,0.5935,0.6500999999999999,23.16,23.06,23.35,22.703333333333333,25.0,16.0,22.0,19.333333333333332,68.50628887731894,43.84402488148412,60.285534212040666,52.936608553545604,2.0,1
23855,2022,2,Valencia,20,20,0,12,0,CORDOBA,32.42,110.89,0.5489,21.28,36591.0,54.65824929627504,29.87,28.79,28.97,30.36,17.73,92.35,159.65,73.65666666666672,0.6437,0.6175,0.6891,0.6033666666666666,21.89,23.16,23.06,22.11,17.0,25.0,16.0,20.666666666666668,46.459511901833785,68.50628887731894,43.84402488148412,56.54135002514258,3.5,1
23855,2022,3,Valencia,17,17,0,10,0,CORDOBA,31.92,126.39,0.6159,22.6,36591.0,46.459511901833785,32.42,29.87,28.79,31.403333333333336,110.89,17.73,92.35,85.00333333333339,0.5489,0.6437,0.6175,0.6028333333333332,21.28,21.89,23.16,21.923333333333336,20.0,17.0,25.0,18.0,54.65824929627504,46.459511901833785,68.50628887731894,49.19242436664752,2.0,1
23855,2022,4,Valencia,27,27,0,14,0,CORDOBA,29.26,343.62,0.6264,23.38,36591.0,73.7886365499713,31.92,32.42,29.87,31.200000000000003,126.39,110.89,17.73,193.6333333333334,0.6159,0.5489,0.6437,0.5970666666666665,22.6,21.28,21.89,22.42,17.0,20.0,17.0,21.333333333333332,46.459511901833785,54.65824929627504,46.459511901833785,58.30213258269336,2.0,1
23855,2022,5,Valencia,25,25,0,12,0,CORDOBA,29.34,260.33,0.6616,23.59,36591.0,68.3228116203438,29.26,31.92,32.42,30.173333333333336,343.62,126.39,110.89,243.44666666666672,0.6264,0.6159,0.5489,0.6346333333333333,23.38,22.6,21.28,23.19,27.0,17.0,20.0,23.0,73.7886365499713,46.459511901833785,54.65824929627504,62.85698669071629,2.0,1
23855,2022,6,Valencia,22,22,0,12,0,CORDOBA,28.38,298.79,0.6783,22.87,36591.0,60.12407422590255,29.34,29.26,31.92,28.993333333333336,260.33,343.62,126.39,300.9133333333334,0.6616,0.6264,0.6159,0.6554333333333332,23.59,23.38,22.6,23.28,25.0,27.0,17.0,24.666666666666668,68.3228116203438,73.7886365499713,46.459511901833785,67.4118407987392,2.5,1
23855,2022,7,Valencia,45,45,0,16,0,CORDOBA,28.05,300.51,0.6437,23.25,36591.0,122.98106091661884,28.38,29.34,29.26,28.59,298.79,260.33,343.62,286.54333333333335,0.6783,0.6616,0.6264,0.6611999999999999,22.87,23.59,23.38,23.236666666666668,22.0,25.0,27.0,30.666666666666668,60.12407422590255,68.3228116203438,73.7886365499713,83.80931558762171,4.0,1
23855,2022,8,Valencia,26,26,0,6,0,CORDOBA,28.81,324.18,0.7042,23.11,36591.0,71.05572408515755,28.05,28.38,29.34,28.41333333333333,300.51,298.79,260.33,307.82666666666677,0.6437,0.6783,0.6616,0.6753999999999999,23.25,22.87,23.59,23.076666666666664,45.0,22.0,25.0,31.0,122.98106091661884,60.12407422590255,68.3228116203438,84.72028640922629,3.0,1
23855,2022,9,Valencia,16,16,0,4,0,CORDOBA,29.1,285.15,0.6122,23.15,36591.0,43.726599437020035,28.81,28.05,28.38,28.653333333333336,324.18,300.51,298.79,303.28000000000003,0.7042,0.6437,0.6783,0.6533666666666665,23.11,23.25,22.87,23.169999999999998,26.0,45.0,22.0,29.0,71.05572408515755,122.98106091661884,60.12407422590255,79.25446147959879,4.5,1
23855,2022,10,Valencia,20,20,0,7,0,CORDOBA,26.99,321.69,0.6982,22.94,36591.0,54.65824929627504,29.1,28.81,28.05,28.3,285.15,324.18,300.51,310.3400000000001,0.6122,0.7042,0.6437,0.6715333333333332,23.15,23.11,23.25,23.066666666666666,16.0,26.0,45.0,20.666666666666668,43.726599437020035,71.05572408515755,122.98106091661884,56.480190939484196,7.0,1
23855,2022,11,Valencia,23,23,0,8,0,CORDOBA,27.27,250.55,0.6876,22.82,36591.0,62.8569866907163,26.99,29.1,28.81,27.786666666666665,321.69,285.15,324.18,285.7966666666667,0.6982,0.6122,0.7042,0.6659999999999998,22.94,23.15,23.11,22.97,20.0,16.0,26.0,19.666666666666668,54.65824929627504,43.726599437020035,71.05572408515755,53.747278474670445,14.0,1
23855,2022,12,Valencia,8,8,0,3,0,CORDOBA,28.29,60.11,0.7114,22.3,36591.0,21.863299718510017,27.27,26.99,29.1,27.516666666666666,250.55,321.69,285.15,210.7833333333334,0.6876,0.6982,0.6122,0.6990666666666666,22.82,22.94,23.15,22.686666666666667,23.0,20.0,16.0,17.0,62.8569866907163,54.65824929627504,43.726599437020035,46.459511901833764,6.0,1
23855,2023,1,Valencia,13,13,0,5,0,CORDOBA,28.96,76.81,0.6818,21.76,36658.0,35.462927601069346,28.29,27.27,26.99,28.173333333333332,60.11,250.55,321.69,129.15666666666672,0.7114,0.6876,0.6982,0.6936,22.3,22.82,22.94,22.293333333333337,8.0,23.0,20.0,14.666666666666666,21.863299718510017,62.8569866907163,54.65824929627504,40.0610713367652,3.5,1
23855,2023,2,Valencia,15,15,0,3,0,CORDOBA,31.94,19.28,0.6091,21.07,36658.0,40.91876261661847,28.96,28.29,27.27,29.73,76.81,60.11,250.55,52.06666666666672,0.6818,0.7114,0.6876,0.6674333333333332,21.76,22.3,22.82,21.709999999999997,13.0,8.0,23.0,12.0,35.462927601069346,21.863299718510017,62.8569866907163,32.74832997873259,4.25,1
23855,2023,3,Valencia,12,12,0,3,0,CORDOBA,34.05,53.83,0.5052,21.85,36658.0,32.735010093294775,31.94,28.96,28.29,31.649999999999995,19.28,76.81,60.11,49.97333333333339,0.6091,0.6818,0.7114,0.5986999999999999,21.07,21.76,22.3,21.560000000000002,15.0,13.0,8.0,13.333333333333334,40.91876261661847,35.462927601069346,21.863299718510017,36.37223343699418,3.0,1
23855,2023,4,Valencia,6,6,0,3,0,CORDOBA,32.96,105.61,0.4574,22.68,36658.0,16.367505046647388,34.05,31.94,28.96,32.983333333333334,53.83,19.28,76.81,59.57333333333339,0.5052,0.6091,0.6818,0.5238999999999999,21.85,21.07,21.76,21.866666666666664,12.0,15.0,13.0,11.0,32.735010093294775,40.91876261661847,35.462927601069346,30.007092585520198,2.0,1
23855,2023,5,Valencia,6,6,0,2,0,CORDOBA,31.13,248.66,0.4907,23.95,36658.0,16.367505046647388,32.96,34.05,31.94,32.71333333333333,105.61,53.83,19.28,136.0333333333334,0.4574,0.5052,0.6091,0.4844333333333332,22.68,21.85,21.07,22.826666666666668,6.0,12.0,15.0,8.0,16.367505046647388,32.735010093294775,40.91876261661847,21.823340062196504,2.0,1
23855,2023,6,Valencia,4,4,0,0,0,CORDOBA,28.89,246.3,0.7128,24.06,36658.0,10.91167003109826,31.13,32.96,34.05,30.993333333333336,248.66,105.61,53.83,200.19000000000005,0.4907,0.4574,0.5052,0.5536333333333333,23.95,22.68,21.85,23.563333333333333,6.0,6.0,12.0,5.333333333333333,16.367505046647388,16.367505046647388,32.735010093294775,14.548893374797665,4.5,0
23855,2023,7,Valencia,6,6,0,2,0,CORDOBA,28.53,296.12,0.7688,24.17,36658.0,16.367505046647388,28.89,31.13,32.96,29.516666666666666,246.3,248.66,105.61,263.6933333333334,0.7128,0.4907,0.4574,0.6574333333333332,24.06,23.95,22.68,24.060000000000002,4.0,6.0,6.0,5.333333333333333,10.91167003109826,16.367505046647388,16.367505046647388,14.548893374797665,4.25,1
23855,2023,8,Valencia,12,12,0,2,0,CORDOBA,29.3,266.77,0.6699,24.09,36658.0,32.735010093294775,28.53,28.89,31.13,28.906666666666666,296.12,246.3,248.66,269.7300000000001,0.7688,0.7128,0.4907,0.7171666666666666,24.17,24.06,23.95,24.106666666666666,6.0,4.0,6.0,7.333333333333333,16.367505046647388,10.91167003109826,16.367505046647388,20.004728390346795,5.0,1
23855,2023,9,Valencia,11,11,0,3,0,CORDOBA,29.2,200.85,0.6582,24.11,36658.0,30.007092585520212,29.3,28.53,28.89,29.01,266.77,296.12,246.3,254.58000000000004,0.6699,0.7688,0.7128,0.6989666666666666,24.09,24.17,24.06,24.123333333333335,12.0,6.0,4.0,9.666666666666666,32.735010093294775,16.367505046647388,10.91167003109826,26.369869241820776,6.0,1
23855,2023,10,Valencia,3,3,0,1,0,CORDOBA,29.1,216.76,0.6325,23.78,36658.0,8.183752523323694,29.2,29.3,28.53,29.200000000000003,200.85,266.77,296.12,228.1266666666667,0.6582,0.6699,0.7688,0.6535333333333332,24.11,24.09,24.17,23.99333333333333,11.0,12.0,6.0,8.666666666666666,30.007092585520212,32.735010093294775,16.367505046647388,23.641951734046213,11.0,0
23855,2023,11,Valencia,5,5,0,2,0,CORDOBA,28.33,196.94,0.7313,23.85,36658.0,13.639587538872822,29.1,29.2,29.3,28.876666666666665,216.76,200.85,266.77,204.85000000000002,0.6325,0.6582,0.6699,0.6739999999999998,23.78,24.11,24.09,23.913333333333338,3.0,11.0,12.0,6.333333333333333,8.183752523323694,30.007092585520212,32.735010093294775,17.276810882572228,15.25,0
23855,2023,12,Valencia,8,8,0,3,0,CORDOBA,28.9,88.6,0.6471,23.74,36658.0,21.82334006219652,28.33,29.1,29.2,28.776666666666667,196.94,216.76,200.85,167.43333333333337,0.7313,0.6325,0.6582,0.6702999999999998,23.85,23.78,24.11,23.790000000000003,5.0,3.0,11.0,5.333333333333333,13.639587538872822,8.183752523323694,30.007092585520212,14.548893374797665,8.75,0
23855,2024,1,Valencia,17,17,0,5,0,CORDOBA,29.87,9.19,0.6579,22.37,36721.0,46.29503553824787,28.9,28.33,29.1,29.03333333333333,88.6,196.94,216.76,98.24333333333335,0.6471,0.7313,0.6325,0.6787666666666666,23.74,23.85,23.78,23.320000000000004,8.0,5.0,3.0,10.0,21.82334006219652,13.639587538872822,8.183752523323694,27.25265437977239,8.0,1
23855,2024,2,Valencia,15,15,0,7,0,CORDOBA,31.33,56.65,0.6079,22.51,36721.0,40.84856076904224,29.87,28.9,28.33,30.03333333333333,9.19,88.6,196.94,51.48000000000004,0.6579,0.6471,0.7313,0.6376333333333332,22.37,23.74,23.85,22.873333333333335,17.0,8.0,5.0,13.333333333333334,46.29503553824787,21.82334006219652,13.639587538872822,36.3223121231622,5.0,1
23855,2024,3,Valencia,13,13,0,5,0,CORDOBA,33.41,44.22,0.4815,22.87,36721.0,35.40208599983661,31.33,29.87,28.9,31.53666666666666,56.65,9.19,88.6,36.6866666666667,0.6079,0.6579,0.6471,0.5824333333333332,22.51,22.37,23.74,22.583333333333332,15.0,17.0,8.0,15.0,40.84856076904224,46.29503553824787,21.82334006219652,40.84856076904222,3.0,1
23855,2024,4,Valencia,11,11,0,2,0,CORDOBA,31.39,207.06,0.5675,23.64,36721.0,29.955611230630975,33.41,31.33,29.87,32.04333333333333,44.22,56.65,9.19,102.64333333333337,0.4815,0.6079,0.6579,0.5522999999999999,22.87,22.51,22.37,23.00666666666667,13.0,15.0,17.0,13.0,35.40208599983661,40.84856076904224,46.29503553824787,35.40208599983659,2.0,1
23855,2024,5,Valencia,16,16,0,4,0,CORDOBA,28.1,309.89,0.6496,24.46,36721.0,43.571798153645055,31.39,33.41,31.33,30.96666666666667,207.06,44.22,56.65,187.0566666666667,0.5675,0.4815,0.6079,0.5661999999999998,23.64,22.87,22.51,23.656666666666666,11.0,13.0,15.0,13.333333333333334,29.955611230630975,35.40208599983661,40.84856076904224,36.3098317947042,2.0,1
23855,2024,6,Valencia,23,23,0,6,0,CORDOBA,28.22,372.68,0.6564,23.97,36721.0,62.63445984586477,28.1,31.39,33.41,29.236666666666668,309.89,207.06,44.22,296.54333333333335,0.6496,0.5675,0.4815,0.6244999999999998,24.46,23.64,22.87,24.02333333333333,16.0,11.0,13.0,16.666666666666668,43.571798153645055,29.955611230630975,35.40208599983661,45.38728974338025,4.0,1
23855,2024,7,Valencia,20,20,0,9,0,CORDOBA,28.29,288.39,0.7217,24.03,36721.0,54.464747692056314,28.22,28.1,31.39,28.203333333333333,372.68,309.89,207.06,323.65333333333336,0.6564,0.6496,0.5675,0.6758999999999998,23.97,24.46,23.64,24.153333333333336,23.0,16.0,11.0,19.666666666666668,62.63445984586477,43.571798153645055,29.955611230630975,53.557001897188705,5.0,1
23855,2024,8,Valencia,14,14,0,6,0,CORDOBA,28.33,297.46,0.7415,23.7,36721.0,38.125323384439426,28.29,28.22,28.1,28.28,288.39,372.68,309.89,319.51000000000005,0.7217,0.6564,0.6496,0.7065333333333332,24.03,23.97,24.46,23.900000000000002,20.0,23.0,16.0,19.0,54.464747692056314,62.63445984586477,43.571798153645055,51.74151030745349,8.0,1
23855,2024,9,Valencia,10,10,0,2,0,CORDOBA,29.09,244.49,0.719,23.82,36721.0,27.232373846028157,28.33,28.29,28.22,28.569999999999997,297.46,288.39,372.68,276.78000000000003,0.7415,0.7217,0.6564,0.7273999999999998,23.7,24.03,23.97,23.849999999999998,14.0,20.0,23.0,14.666666666666666,38.125323384439426,54.464747692056314,62.63445984586477,39.94081497417462,9.0,1
23855,2024,10,Valencia,19,19,0,7,0,CORDOBA,27.83,230.38,0.7178,23.79,36721.0,51.7415103074535,29.09,28.33,28.29,28.416666666666668,244.49,297.46,288.39,257.4433333333333,0.719,0.7415,0.7217,0.7260999999999999,23.82,23.7,24.03,23.77,10.0,14.0,20.0,14.333333333333334,27.232373846028157,38.125323384439426,54.464747692056314,39.03306917930701,8.0,1
23855,2024,11,Valencia,8,8,0,3,0,CORDOBA,27.48,193.09,0.7468,22.97,36721.0,21.785899076822528,27.83,29.09,28.33,28.133333333333336,230.38,244.49,297.46,222.6533333333334,0.7178,0.719,0.7415,0.7278666666666664,23.79,23.82,23.7,23.526666666666667,19.0,10.0,14.0,12.333333333333334,51.7415103074535,27.232373846028157,38.125323384439426,33.58659441010138,15.0,0
23855,2024,12,Valencia,5,5,0,2,0,CORDOBA,27.44,118.6,0.7222,23.15,36721.0,13.616186923014078,27.48,27.83,29.09,27.583333333333332,193.09,230.38,244.49,180.69000000000005,0.7468,0.7178,0.719,0.7289333333333331,22.97,23.79,23.82,23.30333333333333,8.0,19.0,10.0,10.666666666666666,21.785899076822528,51.7415103074535,27.232373846028157,29.047865435763352,8.0,0
47288,2007,1,Fundación,0,0,0,0,0,MAGDALENA,31.96,6.85,0.6235,19.83,56697.0,0.0,,,,31.96,,,,6.85,,,,0.6235,,,,19.83,,,,0.0,,,,0.0,,
47288,2007,2,Fundación,0,0,0,0,0,MAGDALENA,33.93,9.75,0.5298,18.53,56697.0,0.0,31.96,,,32.945,6.85,,,8.3,0.6235,,,0.5766500000000001,19.83,,,19.18,0.0,,,0.0,0.0,,,0.0,,
47288,2007,3,Fundación,1,0,1,0,1,MAGDALENA,33.95,58.99,0.5037,20.64,56697.0,1.7637617510626664,33.93,31.96,,33.28,9.75,6.85,,25.19666666666667,0.5298,0.6235,,0.5523333333333333,18.53,19.83,,19.666666666666668,0.0,0.0,,0.3333333333333333,0.0,0.0,,0.5879205836875555,,
47288,2007,4,Fundación,0,0,0,0,0,MAGDALENA,31.33,150.6,0.6522,22.51,56697.0,0.0,33.95,33.93,31.96,33.07,58.99,9.75,6.85,73.11333333333333,0.5037,0.5298,0.6235,0.5619000000000001,20.64,18.53,19.83,20.560000000000002,1.0,0.0,0.0,0.3333333333333333,1.7637617510626664,0.0,0.0,0.5879205836875555,,
47288,2007,5,Fundación,0,0,0,0,0,MAGDALENA,28.49,277.58,0.6946,22.7,56697.0,0.0,31.33,33.95,33.93,31.256666666666664,150.6,58.99,9.75,162.39,0.6522,0.5037,0.5298,0.6168333333333332,22.51,20.64,18.53,21.95,0.0,1.0,0.0,0.3333333333333333,0.0,1.7637617510626664,0.0,0.5879205836875555,,
47288,2007,6,Fundación,4,2,2,2,0,MAGDALENA,28.86,132.3,0.7305,22.6,56697.0,7.055047004250666,28.49,31.33,33.95,29.56,277.58,150.6,58.99,186.82666666666668,0.6946,0.6522,0.5037,0.6924333333333333,22.7,22.51,20.64,22.603333333333335,0.0,0.0,1.0,1.3333333333333333,0.0,0.0,1.7637617510626664,2.351682334750222,,
47288,2007,7,Fundación,2,2,0,0,0,MAGDALENA,29.0,172.55,0.7318,22.32,56697.0,3.527523502125333,28.86,28.49,31.33,28.78333333333333,132.3,277.58,150.6,194.14333333333335,0.7305,0.6946,0.6522,0.7189666666666668,22.6,22.7,22.51,22.540000000000003,4.0,0.0,0.0,2.0,7.055047004250666,0.0,0.0,3.5275235021253324,,
47288,2007,8,Fundación,1,1,0,0,0,MAGDALENA,27.43,280.41,0.7128,22.21,56697.0,1.7637617510626664,29.0,28.86,28.49,28.430000000000003,172.55,132.3,277.58,195.0866666666667,0.7318,0.7305,0.6946,0.7250333333333333,22.32,22.6,22.7,22.376666666666665,2.0,4.0,0.0,2.3333333333333335,3.527523502125333,7.055047004250666,0.0,4.1154440858128885,,
47288,2007,9,Fundación,1,1,0,1,0,MAGDALENA,28.97,197.97,0.6896,22.31,56697.0,1.7637617510626664,27.43,29.0,28.86,28.46666666666667,280.41,172.55,132.3,216.9766666666667,0.7128,0.7318,0.7305,0.7113999999999999,22.21,22.32,22.6,22.28,1.0,2.0,4.0,1.3333333333333333,1.7637617510626664,3.527523502125333,7.055047004250666,2.351682334750222,,
47288,2007,10,Fundación,1,1,0,0,0,MAGDALENA,26.76,323.11,0.6208,21.83,56697.0,1.7637617510626664,28.97,27.43,29.0,27.72,197.97,280.41,172.55,267.16333333333336,0.6896,0.7128,0.7318,0.6744,22.31,22.21,22.32,22.116666666666664,1.0,1.0,2.0,1.0,1.7637617510626664,1.7637617510626664,3.527523502125333,1.7637617510626664,,
47288,2007,11,Fundación,0,0,0,0,0,MAGDALENA,27.73,141.03,0.6979,21.97,56697.0,0.0,26.76,28.97,27.43,27.819999999999997,323.11,197.97,280.41,220.70333333333335,0.6208,0.6896,0.7128,0.6694333333333332,21.83,22.31,22.21,22.036666666666665,1.0,1.0,1.0,0.6666666666666666,1.7637617510626664,1.7637617510626664,1.7637617510626664,1.175841167375111,,
47288,2007,12,Fundación,0,0,0,0,0,MAGDALENA,28.32,41.06,0.6919,21.12,56697.0,0.0,27.73,26.76,28.97,27.603333333333335,141.03,323.11,197.97,168.4,0.6979,0.6208,0.6896,0.6701999999999999,21.97,21.83,22.31,21.639999999999997,0.0,1.0,1.0,0.3333333333333333,0.0,1.7637617510626664,1.7637617510626664,0.5879205836875555,,
47288,2008,1,Fundación,0,0,0,0,0,MAGDALENA,31.34,13.82,0.6312,19.14,57537.0,0.0,28.32,27.73,26.76,29.13,41.06,141.03,323.11,65.30333333333336,0.6919,0.6979,0.6208,0.6736666666666666,21.12,21.97,21.83,20.743333333333332,0.0,0.0,1.0,0.0,0.0,0.0,1.7637617510626664,0.0,,
47288,2008,2,Fundación,0,0,0,0,0,MAGDALENA,32.88,14.78,0.5553,19.48,57537.0,0.0,31.34,28.32,27.73,30.846666666666664,13.82,41.06,141.03,23.220000000000017,0.6312,0.6919,0.6979,0.6261333333333333,19.14,21.12,21.97,19.913333333333338,0.0,0.0,0.0,0.0,0.0,0.0,0.0,0.0,,
47288,2008,3,Fundación,0,0,0,0,0,MAGDALENA,32.87,48.77,0.5664,19.77,57537.0,0.0,32.88,31.34,28.32,32.36333333333334,14.78,13.82,41.06,25.79000000000002,0.5553,0.6312,0.6919,0.5843,19.48,19.14,21.12,19.463333333333335,0.0,0.0,0.0,0.0,0.0,0.0,0.0,0.0,,
47288,2008,4,Fundación,1,1,0,1,0,MAGDALENA,31.97,104.07,0.5901,21.59,57537.0,1.738012061803709,32.87,32.88,31.34,32.57333333333333,48.77,14.78,13.82,55.873333333333356,0.5664,0.5553,0.6312,0.5706000000000001,19.77,19.48,19.14,20.28,0.0,0.0,0.0,0.3333333333333333,0.0,0.0,0.0,0.5793373539345696,,
47288,2008,5,Fundación,0,0,0,0,0,MAGDALENA,29.5,184.09,0.6766,22.28,57537.0,0.0,31.97,32.87,32.88,31.44666666666667,104.07,48.77,14.78,112.31000000000002,0.5901,0.5664,0.5553,0.6110333333333333,21.59,19.77,19.48,21.213333333333335,1.0,0.0,0.0,0.3333333333333333,1.738012061803709,0.0,0.0,0.5793373539345696,,
47288,2008,6,Fundación,5,5,0,1,0,MAGDALENA,28.66,159.83,0.7159,22.43,57537.0,8.690060309018545,29.5,31.97,32.87,30.043333333333333,184.09,104.07,48.77,149.33000000000004,0.6766,0.5901,0.5664,0.6608666666666666,22.28,21.59,19.77,22.099999999999998,0.0,1.0,0.0,2.0,0.0,1.738012061803709,0.0,3.476024123607418,,
47288,2008,7,Fundación,0,0,0,0,0,MAGDALENA,28.8,157.59,0.7244,22.15,57537.0,0.0,28.66,29.5,31.97,28.986666666666668,159.83,184.09,104.07,167.17000000000002,0.7159,0.6766,0.5901,0.7056333333333334,22.43,22.28,21.59,22.286666666666665,5.0,0.0,1.0,1.6666666666666667,8.690060309018545,0.0,1.738012061803709,2.8966867696728484,,
47288,2008,8,Fundación,2,2,0,0,0,MAGDALENA,28.48,253.06,0.7101,22.11,57537.0,3.476024123607418,28.8,28.66,29.5,28.646666666666665,157.59,159.83,184.09,190.16,0.7244,0.7159,0.6766,0.7168,22.15,22.43,22.28,22.23,0.0,5.0,0.0,2.3333333333333335,0.0,8.690060309018545,0.0,4.055361477541988,,
47288,2008,9,Fundación,1,1,0,0,0,MAGDALENA,28.7,225.28,0.6322,22.32,57537.0,1.738012061803709,28.48,28.8,28.66,28.66,253.06,157.59,159.83,211.9766666666667,0.7101,0.7244,0.7159,0.6889,22.11,22.15,22.43,22.19333333333333,2.0,0.0,5.0,1.0,3.476024123607418,0.0,8.690060309018545,1.738012061803709,,
47288,2008,10,Fundación,1,1,0,1,0,MAGDALENA,27.88,262.54,0.6999,22.17,57537.0,1.738012061803709,28.7,28.48,28.8,28.353333333333335,225.28,253.06,157.59,246.96000000000004,0.6322,0.7101,0.7244,0.6807333333333333,22.32,22.11,22.15,22.2,1.0,2.0,0.0,1.3333333333333333,1.738012061803709,3.476024123607418,0.0,2.3173494157382786,,
47288,2008,11,Fundación,0,0,0,0,0,MAGDALENA,26.78,230.54,0.6318,21.94,57537.0,0.0,27.88,28.7,28.48,27.786666666666665,262.54,225.28,253.06,239.45333333333335,0.6999,0.6322,0.7101,0.6546333333333334,22.17,22.32,22.11,22.143333333333334,1.0,1.0,2.0,0.6666666666666666,1.738012061803709,1.738012061803709,3.476024123607418,1.1586747078691393,,
47288,2008,12,Fundación,0,0,0,0,0,MAGDALENA,28.29,23.01,0.7063,20.64,57537.0,0.0,26.78,27.88,28.7,27.650000000000002,230.54,262.54,225.28,172.03,0.6318,0.6999,0.6322,0.6793333333333335,21.94,22.17,22.32,21.583333333333332,0.0,1.0,1.0,0.3333333333333333,0.0,1.738012061803709,1.738012061803709,0.5793373539345696,,
47288,2009,1,Fundación,0,0,0,0,0,MAGDALENA,30.68,25.98,0.6231,20.26,58383.0,0.0,28.29,26.78,27.88,28.583333333333332,23.01,230.54,262.54,93.17666666666666,0.7063,0.6318,0.6999,0.6537333333333334,20.64,21.94,22.17,20.94666666666667,0.0,0.0,1.0,0.0,0.0,0.0,1.738012061803709,0.0,2.0,0
47288,2009,2,Fundación,0,0,0,0,0,MAGDALENA,32.93,16.48,0.5558,19.45,58383.0,0.0,30.68,28.29,26.78,30.633333333333336,25.98,23.01,230.54,21.823333333333334,0.6231,0.7063,0.6318,0.6284000000000001,20.26,20.64,21.94,20.116666666666667,0.0,0.0,0.0,0.0,0.0,0.0,0.0,0.0,2.0,0
47288,2009,3,Fundación,0,0,0,0,0,MAGDALENA,33.8,59.15,0.5646,20.38,58383.0,0.0,32.93,30.68,28.29,32.47,16.48,25.98,23.01,33.87,0.5558,0.6231,0.7063,0.5811666666666667,19.45,20.26,20.64,20.03,0.0,0.0,0.0,0.0,0.0,0.0,0.0,0.0,2.0,0
47288,2009,4,Fundación,0,0,0,0,0,MAGDALENA,32.1,94.71,0.643,21.58,58383.0,0.0,33.8,32.93,30.68,32.943333333333335,59.15,16.48,25.98,56.779999999999994,0.5646,0.5558,0.6231,0.5878,20.38,19.45,20.26,20.47,0.0,0.0,0.0,0.0,0.0,0.0,0.0,0.0,2.0,0
47288,2009,5,Fundación,0,0,0,0,0,MAGDALENA,29.59,168.56,0.7129,22.54,58383.0,0.0,32.1,33.8,32.93,31.83,94.71,59.15,16.48,107.47333333333331,0.643,0.5646,0.5558,0.6401666666666667,21.58,20.38,19.45,21.5,0.0,0.0,0.0,0.0,0.0,0.0,0.0,0.0,2.0,0
47288,2009,6,Fundación,0,0,0,0,0,MAGDALENA,30.23,159.81,0.7163,22.6,58383.0,0.0,29.59,32.1,33.8,30.64,168.56,94.71,59.15,141.02666666666667,0.7129,0.643,0.5646,0.6907333333333333,22.54,21.58,20.38,22.24,0.0,0.0,0.0,0.0,0.0,0.0,0.0,0.0,4.75,0
47288,2009,7,Fundación,0,0,0,0,0,MAGDALENA,30.91,106.23,0.6977,22.62,58383.0,0.0,30.23,29.59,32.1,30.243333333333336,159.81,168.56,94.71,144.86666666666665,0.7163,0.7129,0.643,0.7089666666666666,22.6,22.54,21.58,22.58666666666667,0.0,0.0,0.0,0.0,0.0,0.0,0.0,0.0,2.0,0
47288,2009,8,Fundación,0,0,0,0,0,MAGDALENA,30.07,144.0,0.667,22.7,58383.0,0.0,30.91,30.23,29.59,30.403333333333332,106.23,159.81,168.56,136.67999999999998,0.6977,0.7163,0.7129,0.6936666666666667,22.62,22.6,22.54,22.64,0.0,0.0,0.0,0.0,0.0,0.0,0.0,0.0,2.0,0
47288,2009,9,Fundación,0,0,0,0,0,MAGDALENA,31.22,121.31,0.687,22.81,58383.0,0.0,30.07,30.91,30.23,30.733333333333334,144.0,106.23,159.81,123.84666666666665,0.667,0.6977,0.7163,0.6839000000000001,22.7,22.62,22.6,22.709999999999997,0.0,0.0,0.0,0.0,0.0,0.0,0.0,0.0,2.0,0
47288,2009,10,Fundación,0,0,0,0,0,MAGDALENA,32.15,174.98,0.6701,22.4,58383.0,0.0,31.22,30.07,30.91,31.146666666666665,121.31,144.0,106.23,146.76333333333332,0.687,0.667,0.6977,0.6747,22.81,22.7,22.62,22.636666666666667,0.0,0.0,0.0,0.0,0.0,0.0,0.0,0.0,2.0,0
47288,2009,11,Fundación,2,2,0,0,0,MAGDALENA,29.41,119.69,0.6885,22.48,58383.0,3.4256547282599383,32.15,31.22,30.07,30.926666666666662,174.98,121.31,144.0,138.65999999999997,0.6701,0.687,0.667,0.6818666666666667,22.4,22.81,22.7,22.563333333333333,0.0,0.0,0.0,0.6666666666666666,0.0,0.0,0.0,1.1418849094199794,2.0,0
47288,2009,12,Fundación,3,3,0,1,0,MAGDALENA,31.51,24.89,0.6524,21.45,58383.0,5.138482092389908,29.41,32.15,31.22,31.02333333333333,119.69,174.98,121.31,106.51999999999998,0.6885,0.6701,0.687,0.6703333333333333,22.48,22.4,22.81,22.11,2.0,0.0,0.0,1.6666666666666667,3.4256547282599383,0.0,0.0,2.8547122735499486,2.0,1
47288,2010,1,Fundación,0,0,0,0,0,MAGDALENA,33.79,7.76,0.5697,20.0,59205.0,0.0,31.51,29.41,32.15,31.570000000000004,24.89,119.69,174.98,50.77999999999998,0.6524,0.6885,0.6701,0.6368666666666667,21.45,22.48,22.4,21.31,3.0,2.0,0.0,1.6666666666666667,5.138482092389908,3.4256547282599383,0.0,2.8547122735499486,2.0,0
47288,2010,2,Fundación,0,0,0,0,0,MAGDALENA,34.83,17.69,0.4926,21.45,59205.0,0.0,33.79,31.51,29.41,33.376666666666665,7.76,24.89,119.69,16.779999999999983,0.5697,0.6524,0.6885,0.5715666666666667,20.0,21.45,22.48,20.96666666666667,0.0,3.0,2.0,1.0,0.0,5.138482092389908,3.4256547282599383,1.7128273641299694,2.0,0
47288,2010,3,Fundación,1,0,1,0,0,MAGDALENA,34.0,81.58,0.5411,22.68,59205.0,1.6890465332319906,34.83,33.79,31.51,34.20666666666667,17.69,7.76,24.89,35.67666666666665,0.4926,0.5697,0.6524,0.5344666666666666,21.45,20.0,21.45,21.376666666666665,0.0,0.0,3.0,0.3333333333333333,0.0,0.0,5.138482092389908,0.5630155110773302,2.0,0
47288,2010,4,Fundación,0,0,0,0,0,MAGDALENA,31.62,142.94,0.6338,22.98,59205.0,0.0,34.0,34.83,33.79,33.483333333333334,81.58,17.69,7.76,80.73666666666664,0.5411,0.4926,0.5697,0.5558333333333333,22.68,21.45,20.0,22.37,1.0,0.0,0.0,0.3333333333333333,1.6890465332319906,0.0,0.0,0.5630155110773302,2.0,0
47288,2010,5,Fundación,0,0,0,0,0,MAGDALENA,31.04,193.08,0.6819,23.15,59205.0,0.0,31.62,34.0,34.83,32.220000000000006,142.94,81.58,17.69,139.19999999999996,0.6338,0.5411,0.4926,0.6189333333333332,22.98,22.68,21.45,22.936666666666667,0.0,1.0,0.0,0.3333333333333333,0.0,1.6890465332319906,0.0,0.5630155110773302,2.0,0
47288,2010,6,Fundación,0,0,0,0,0,MAGDALENA,28.14,229.54,0.6759,22.87,59205.0,0.0,31.04,31.62,34.0,30.266666666666666,193.08,142.94,81.58,188.51999999999998,0.6819,0.6338,0.5411,0.6638666666666667,23.15,22.98,22.68,23.0,0.0,0.0,1.0,0.0,0.0,0.0,1.6890465332319906,0.0,4.5,0
47288,2010,7,Fundación,1,1,0,0,0,MAGDALENA,27.33,278.91,0.6985,22.47,59205.0,1.6890465332319906,28.14,31.04,31.62,28.836666666666662,229.54,193.08,142.94,233.84333333333333,0.6759,0.6819,0.6338,0.6854333333333334,22.87,23.15,22.98,22.83,0.0,0.0,0.0,0.3333333333333333,0.0,0.0,0.0,0.5630155110773302,2.0,0
47288,2010,8,Fundación,1,0,1,1,0,MAGDALENA,28.31,262.53,0.6598,22.54,59205.0,1.6890465332319906,27.33,28.14,31.04,27.926666666666666,278.91,229.54,193.08,256.9933333333333,0.6985,0.6759,0.6819,0.6780666666666666,22.47,22.87,23.15,22.626666666666665,1.0,0.0,0.0,0.6666666666666666,1.6890465332319906,0.0,0.0,1.1260310221546603,2.0,0
47288,2010,9,Fundación,0,0,0,0,0,MAGDALENA,28.7,298.07,0.6724,22.23,59205.0,0.0,28.31,27.33,28.14,28.113333333333333,262.53,278.91,229.54,279.83666666666664,0.6598,0.6985,0.6759,0.6769,22.54,22.47,22.87,22.41333333333333,1.0,1.0,0.0,0.6666666666666666,1.6890465332319906,1.6890465332319906,0.0,1.1260310221546603,2.0,0
47288,2010,10,Fundación,1,1,0,0,0,MAGDALENA,28.45,292.64,0.6748,22.14,59205.0,1.6890465332319906,28.7,28.31,27.33,28.486666666666668,298.07,262.53,278.91,284.41333333333324,0.6724,0.6598,0.6985,0.669,22.23,22.54,22.47,22.30333333333333,0.0,1.0,1.0,0.6666666666666666,0.0,1.6890465332319906,1.6890465332319906,1.1260310221546603,2.0,0
47288,2010,11,Fundación,0,0,0,0,0,MAGDALENA,26.45,298.56,0.6079,21.7,59205.0,0.0,28.45,28.7,28.31,27.866666666666664,292.64,298.07,262.53,296.4233333333333,0.6748,0.6724,0.6598,0.6517,22.14,22.23,22.54,22.023333333333337,1.0,0.0,1.0,0.3333333333333333,1.6890465332319906,0.0,1.6890465332319906,0.5630155110773302,2.0,0
47288,2010,12,Fundación,0,0,0,0,0,MAGDALENA,26.63,158.97,0.6798,21.41,59205.0,0.0,26.45,28.45,28.7,27.176666666666666,298.56,292.64,298.07,250.05666666666664,0.6079,0.6748,0.6724,0.6541666666666667,21.7,22.14,22.23,21.75,0.0,1.0,0.0,0.3333333333333333,0.0,1.6890465332319906,0.0,0.5630155110773302,2.0,0
47288,2011,1,Fundación,0,0,0,0,0,MAGDALENA,29.04,19.38,0.6791,20.57,59997.0,0.0,26.63,26.45,28.45,27.373333333333335,158.97,298.56,292.64,158.97,0.6798,0.6079,0.6748,0.6556000000000001,21.41,21.7,22.14,21.226666666666667,0.0,0.0,1.0,0.0,0.0,0.0,1.6890465332319906,0.0,2.0,0
47288,2011,2,Fundación,0,0,0,0,0,MAGDALENA,31.35,27.71,0.6075,19.78,59997.0,0.0,29.04,26.63,26.45,29.006666666666664,19.38,158.97,298.56,68.68666666666665,0.6791,0.6798,0.6079,0.6554666666666668,20.57,21.41,21.7,20.58666666666667,0.0,0.0,0.0,0.0,0.0,0.0,0.0,0.0,2.0,0
47288,2011,3,Fundación,0,0,0,0,0,MAGDALENA,31.58,64.36,0.6367,20.88,59997.0,0.0,31.35,29.04,26.63,30.656666666666666,27.71,19.38,158.97,37.149999999999984,0.6075,0.6791,0.6798,0.6411000000000001,19.78,20.57,21.41,20.41,0.0,0.0,0.0,0.0,0.0,0.0,0.0,0.0,2.0,0
47288,2011,4,Fundación,0,0,0,0,0,MAGDALENA,29.9,125.1,0.6637,21.88,59997.0,0.0,31.58,31.35,29.04,30.94333333333333,64.36,27.71,19.38,72.38999999999999,0.6367,0.6075,0.6791,0.6359666666666667,20.88,19.78,20.57,20.846666666666668,0.0,0.0,0.0,0.0,0.0,0.0,0.0,0.0,2.0,0
47288,2011,5,Fundación,1,0,1,1,0,MAGDALENA,27.89,234.84,0.6485,22.27,59997.0,1.6667500041668752,29.9,31.58,31.35,29.790000000000003,125.1,64.36,27.71,141.4333333333333,0.6637,0.6367,0.6075,0.6496333333333334,21.88,20.88,19.78,21.676666666666666,0.0,0.0,0.0,0.3333333333333333,0.0,0.0,0.0,0.5555833347222917,2.0,0
47288,2011,6,Fundación,0,0,0,0,0,MAGDALENA,28.93,201.03,0.7437,22.77,59997.0,0.0,27.89,29.9,31.58,28.906666666666666,234.84,125.1,64.36,186.98999999999998,0.6485,0.6637,0.6367,0.6852999999999999,22.27,21.88,20.88,22.30666666666667,1.0,0.0,0.0,0.3333333333333333,1.6667500041668752,0.0,0.0,0.5555833347222917,4.25,0
47288,2011,7,Fundación,0,0,0,0,0,MAGDALENA,28.32,227.78,0.7369,22.45,59997.0,0.0,28.93,27.89,29.9,28.38,201.03,234.84,125.1,221.21666666666667,0.7437,0.6485,0.6637,0.7096999999999999,22.77,22.27,21.88,22.496666666666666,0.0,1.0,0.0,0.3333333333333333,0.0,1.6667500041668752,0.0,0.5555833347222917,2.0,0
47288,2011,8,Fundación,0,0,0,0,0,MAGDALENA,28.58,200.6,0.6834,22.46,59997.0,0.0,28.32,28.93,27.89,28.61,227.78,201.03,234.84,209.80333333333328,0.7369,0.7437,0.6485,0.7213333333333334,22.45,22.77,22.27,22.560000000000002,0.0,0.0,1.0,0.0,0.0,0.0,1.6667500041668752,0.0,2.0,0
47288,2011,9,Fundación,0,0,0,0,0,MAGDALENA,28.37,220.77,0.7116,22.47,59997.0,0.0,28.58,28.32,28.93,28.423333333333332,200.6,227.78,201.03,216.38333333333333,0.6834,0.7369,0.7437,0.7106333333333333,22.46,22.45,22.77,22.459999999999997,0.0,0.0,0.0,0.0,0.0,0.0,0.0,0.0,2.0,0
47288,2011,10,Fundación,0,0,0,0,0,MAGDALENA,27.67,362.38,0.6981,21.56,59997.0,0.0,28.37,28.58,28.32,28.206666666666667,220.77,200.6,227.78,261.25,0.7116,0.6834,0.7369,0.6977000000000001,22.47,22.46,22.45,22.16333333333333,0.0,0.0,0.0,0.0,0.0,0.0,0.0,0.0,2.0,0
47288,2011,11,Fundación,0,0,0,0,0,MAGDALENA,26.58,234.48,0.6891,21.76,59997.0,0.0,27.67,28.37,28.58,27.540000000000003,362.38,220.77,200.6,272.5433333333333,0.6981,0.7116,0.6834,0.6995999999999999,21.56,22.47,22.46,21.930000000000003,0.0,0.0,0.0,0.0,0.0,0.0,0.0,0.0,2.0,0
47288,2011,12,Fundación,0,0,0,0,0,MAGDALENA,27.61,78.38,0.718,21.55,59997.0,0.0,26.58,27.67,28.37,27.286666666666665,234.48,362.38,220.77,225.07999999999996,0.6891,0.6981,0.7116,0.7017333333333333,21.76,21.56,22.47,21.623333333333335,0.0,0.0,0.0,0.0,0.0,0.0,0.0,0.0,2.0,0
47288,2012,1,Fundación,1,1,0,1,0,MAGDALENA,29.95,17.27,0.6708,19.88,60758.0,1.6458737943974455,27.61,26.58,27.67,28.046666666666663,78.38,234.48,362.38,110.04333333333331,0.718,0.6891,0.6981,0.6926333333333333,21.55,21.76,21.56,21.063333333333333,0.0,0.0,0.0,0.3333333333333333,0.0,0.0,0.0,0.5486245981324819,2.0,0
47288,2012,2,Fundación,0,0,0,0,0,MAGDALENA,32.62,12.41,0.5677,18.68,60758.0,0.0,29.95,27.61,26.58,30.06,17.27,78.38,234.48,36.01999999999998,0.6708,0.718,0.6891,0.6521666666666667,19.88,21.55,21.76,20.036666666666665,1.0,0.0,0.0,0.3333333333333333,1.6458737943974455,0.0,0.0,0.5486245981324819,2.0,0
47288,2012,3,Fundación,0,0,0,0,0,MAGDALENA,34.76,47.7,0.5066,20.11,60758.0,0.0,32.62,29.95,27.61,32.44333333333333,12.41,17.27,78.38,25.79333333333331,0.5677,0.6708,0.718,0.5817,18.68,19.88,21.55,19.55666666666667,0.0,1.0,0.0,0.3333333333333333,0.0,1.6458737943974455,0.0,0.5486245981324819,2.0,0
47288,2012,4,Fundación,0,0,0,0,0,MAGDALENA,30.55,160.29,0.6376,22.11,60758.0,0.0,34.76,32.62,29.95,32.64333333333334,47.7,12.41,17.27,73.46666666666664,0.5066,0.5677,0.6708,0.5706333333333333,20.11,18.68,19.88,20.3,0.0,0.0,1.0,0.0,0.0,0.0,1.6458737943974455,0.0,2.0,0
47288,2012,5,Fundación,0,0,0,0,0,MAGDALENA,29.3,187.75,0.7225,22.6,60758.0,0.0,30.55,34.76,32.62,31.536666666666665,160.29,47.7,12.41,131.91333333333333,0.6376,0.5066,0.5677,0.6222333333333333,22.11,20.11,18.68,21.606666666666666,0.0,0.0,0.0,0.0,0.0,0.0,0.0,0.0,2.0,0
47288,2012,6,Fundación,0,0,0,0,0,MAGDALENA,29.81,137.52,0.7424,22.59,60758.0,0.0,29.3,30.55,34.76,29.886666666666667,187.75,160.29,47.7,161.85333333333332,0.7225,0.6376,0.5066,0.7008333333333333,22.6,22.11,20.11,22.433333333333334,0.0,0.0,0.0,0.0,0.0,0.0,0.0,0.0,4.0,0
47288,2012,7,Fundación,0,0,0,0,0,MAGDALENA,30.27,116.06,0.7159,22.46,60758.0,0.0,29.81,29.3,30.55,29.793333333333333,137.52,187.75,160.29,147.10999999999999,0.7424,0.7225,0.6376,0.7269333333333333,22.59,22.6,22.11,22.55,0.0,0.0,0.0,0.0,0.0,0.0,0.0,0.0,2.0,0
47288,2012,8,Fundación,2,2,0,0,0,MAGDALENA,29.11,214.28,0.7244,22.42,60758.0,3.291747588794891,30.27,29.81,29.3,29.73,116.06,137.52,187.75,155.95333333333332,0.7159,0.7424,0.7225,0.7275666666666667,22.46,22.59,22.6,22.49,0.0,0.0,0.0,0.6666666666666666,0.0,0.0,0.0,1.0972491962649638,2.0,0
47288,2012,9,Fundación,0,0,0,0,0,MAGDALENA,30.03,168.28,0.7048,22.37,60758.0,0.0,29.11,30.27,29.81,29.80333333333333,214.28,116.06,137.52,166.20666666666662,0.7244,0.7159,0.7424,0.7150333333333334,22.42,22.46,22.59,22.416666666666668,2.0,0.0,0.0,0.6666666666666666,3.291747588794891,0.0,0.0,1.0972491962649638,2.0,0
47288,2012,10,Fundación,1,1,0,0,0,MAGDALENA,27.96,284.4,0.6999,22.09,60758.0,1.6458737943974455,30.03,29.11,30.27,29.03333333333333,168.28,214.28,116.06,222.31999999999996,0.7048,0.7244,0.7159,0.7097000000000001,22.37,22.42,22.46,22.293333333333333,0.0,2.0,0.0,1.0,0.0,3.291747588794891,0.0,1.6458737943974455,2.0,0
47288,2012,11,Fundación,1,1,0,1,0,MAGDALENA,28.52,113.58,0.7435,22.22,60758.0,1.6458737943974455,27.96,30.03,29.11,28.83666666666667,284.4,168.28,214.28,188.7533333333333,0.6999,0.7048,0.7244,0.7160666666666667,22.09,22.37,22.42,22.22666666666667,1.0,0.0,2.0,0.6666666666666666,1.6458737943974455,0.0,3.291747588794891,1.0972491962649638,2.0,0
47288,2012,12,Fundación,0,0,0,0,0,MAGDALENA,30.02,37.12,0.7071,21.42,60758.0,0.0,28.52,27.96,30.03,28.833333333333332,113.58,284.4,168.28,145.0333333333333,0.7435,0.6999,0.7048,0.7168333333333333,22.22,22.09,22.37,21.909999999999997,1.0,1.0,0.0,0.6666666666666666,1.6458737943974455,1.6458737943974455,0.0,1.0972491962649638,2.0,0
47288,2013,1,Fundación,3,3,0,0,0,MAGDALENA,32.97,7.99,0.5916,19.16,61519.0,4.876542206472798,30.02,28.52,27.96,30.50333333333333,37.12,113.58,284.4,52.89666666666665,0.7071,0.7435,0.6999,0.6807333333333334,21.42,22.22,22.09,20.933333333333334,0.0,1.0,1.0,1.3333333333333333,0.0,1.6458737943974455,1.6458737943974455,2.1741386669567477,2.0,1
47288,2013,2,Fundación,6,4,2,4,0,MAGDALENA,33.91,11.99,0.5171,19.73,61519.0,9.753084412945595,32.97,30.02,28.52,32.300000000000004,7.99,37.12,113.58,19.033333333333314,0.5916,0.7071,0.7435,0.6052666666666666,19.16,21.42,22.22,20.103333333333335,3.0,0.0,1.0,3.0,4.876542206472798,0.0,1.6458737943974455,4.876542206472798,2.0,1
47288,2013,3,Fundación,11,11,0,4,0,MAGDALENA,34.83,72.47,0.5443,22.24,61519.0,17.88065475706692,33.91,32.97,30.02,33.90333333333333,11.99,7.99,37.12,30.816666666666645,0.5171,0.5916,0.7071,0.551,19.73,19.16,21.42,20.376666666666665,6.0,3.0,0.0,6.666666666666667,9.753084412945595,4.876542206472798,0.0,10.836760458828437,2.0,1
47288,2013,4,Fundación,7,7,0,4,0,MAGDALENA,32.04,95.03,0.6005,22.39,61519.0,11.37859848176986,34.83,33.91,32.97,33.59333333333333,72.47,11.99,7.99,59.829999999999984,0.5443,0.5171,0.5916,0.5539666666666667,22.24,19.73,19.16,21.453333333333333,11.0,6.0,3.0,8.0,17.88065475706692,9.753084412945595,4.876542206472798,13.004112550594124,2.0,1
47288,2013,5,Fundación,7,7,0,2,0,MAGDALENA,30.48,228.07,0.6833,22.47,61519.0,11.37859848176986,32.04,34.83,33.91,32.45,95.03,72.47,11.99,131.85666666666665,0.6005,0.5443,0.5171,0.6093666666666667,22.39,22.24,19.73,22.366666666666664,7.0,11.0,6.0,8.333333333333334,11.37859848176986,17.88065475706692,9.753084412945595,13.545950573535547,2.0,1
47288,2013,6,Fundación,5,5,0,3,0,MAGDALENA,29.5,139.95,0.7322,22.76,61519.0,8.12757034412133,30.48,32.04,34.83,30.673333333333332,228.07,95.03,72.47,154.34999999999997,0.6833,0.6005,0.5443,0.672,22.47,22.39,22.24,22.540000000000003,7.0,7.0,11.0,6.333333333333333,11.37859848176986,11.37859848176986,17.88065475706692,10.294922435887017,3.0,1
47288,2013,7,Fundación,3,3,0,2,0,MAGDALENA,29.61,109.05,0.7123,22.32,61519.0,4.876542206472798,29.5,30.48,32.04,29.863333333333333,139.95,228.07,95.03,159.0233333333333,0.7322,0.6833,0.6005,0.7092666666666666,22.76,22.47,22.39,22.51666666666667,5.0,7.0,7.0,5.0,8.12757034412133,11.37859848176986,11.37859848176986,8.12757034412133,2.0,1
47288,2013,8,Fundación,2,2,0,1,0,MAGDALENA,28.68,200.52,0.7226,22.29,61519.0,3.2510281376485315,29.61,29.5,30.48,29.263333333333332,109.05,139.95,228.07,149.83999999999997,0.7123,0.7322,0.6833,0.7223666666666667,22.32,22.76,22.47,22.456666666666667,3.0,5.0,7.0,3.3333333333333335,4.876542206472798,8.12757034412133,11.37859848176986,5.418380229414219,2.0,0
47288,2013,9,Fundación,1,1,0,1,0,MAGDALENA,28.68,220.09,0.7543,22.4,61519.0,1.6255140688242657,28.68,29.61,29.5,28.99,200.52,109.05,139.95,176.5533333333333,0.7226,0.7123,0.7322,0.7297333333333333,22.29,22.32,22.76,22.336666666666662,2.0,3.0,5.0,2.0,3.2510281376485315,4.876542206472798,8.12757034412133,3.251028137648532,2.0,0
47288,2013,10,Fundación,6,6,0,4,0,MAGDALENA,28.35,255.56,0.7373,22.34,61519.0,9.753084412945595,28.68,28.68,29.61,28.569999999999997,220.09,200.52,109.05,225.39,0.7543,0.7226,0.7123,0.7380666666666666,22.4,22.29,22.32,22.343333333333334,1.0,2.0,3.0,3.0,1.6255140688242657,3.2510281376485315,4.876542206472798,4.876542206472798,2.0,1
47288,2013,11,Fundación,4,4,0,1,0,MAGDALENA,28.17,116.5,0.7574,21.92,61519.0,6.502056275297063,28.35,28.68,28.68,28.400000000000002,255.56,220.09,200.52,197.38333333333333,0.7373,0.7543,0.7226,0.7496666666666667,22.34,22.4,22.29,22.22,6.0,1.0,2.0,3.6666666666666665,9.753084412945595,1.6255140688242657,3.2510281376485315,5.9602182523556415,2.0,1
47288,2013,12,Fundación,2,2,0,1,0,MAGDALENA,29.76,26.73,0.7108,20.96,61519.0,3.2510281376485315,28.17,28.35,28.68,28.76,116.5,255.56,220.09,132.92999999999998,0.7574,0.7373,0.7543,0.7351666666666666,21.92,22.34,22.4,21.74,4.0,6.0,1.0,4.0,6.502056275297063,9.753084412945595,1.6255140688242657,6.502056275297064,2.0,0
47288,2014,1,Fundación,2,2,0,1,0,MAGDALENA,31.85,20.07,0.6213,19.78,62222.0,3.21429719391855,29.76,28.17,28.35,29.926666666666666,26.73,116.5,255.56,54.433333333333316,0.7108,0.7574,0.7373,0.6965,20.96,21.92,22.34,20.886666666666667,2.0,4.0,6.0,2.6666666666666665,3.2510281376485315,6.502056275297063,9.753084412945595,4.322460535621382,2.0,0
47288,2014,2,Fundación,2,2,0,2,0,MAGDALENA,33.75,12.31,0.5401,19.48,62222.0,3.21429719391855,31.85,29.76,28.17,31.786666666666672,20.07,26.73,116.5,19.703333333333315,0.6213,0.7108,0.7574,0.6240666666666667,19.78,20.96,21.92,20.073333333333334,2.0,2.0,4.0,2.0,3.21429719391855,3.2510281376485315,6.502056275297063,3.2265408418285446,2.0,0
47288,2014,3,Fundación,1,1,0,1,0,MAGDALENA,35.46,33.22,0.5516,20.73,62222.0,1.607148596959275,33.75,31.85,29.76,33.68666666666667,12.31,20.07,26.73,21.866666666666646,0.5401,0.6213,0.7108,0.5710000000000001,19.48,19.78,20.96,19.99666666666667,2.0,2.0,2.0,1.6666666666666667,3.21429719391855,3.21429719391855,3.2510281376485315,2.6785809949321258,2.0,0
47288,2014,4,Fundación,1,0,1,1,0,MAGDALENA,35.24,88.05,0.5553,21.91,62222.0,1.607148596959275,35.46,33.75,31.85,34.81666666666667,33.22,12.31,20.07,44.52666666666664,0.5516,0.5401,0.6213,0.549,20.73,19.48,19.78,20.706666666666667,1.0,2.0,2.0,1.3333333333333333,1.607148596959275,3.21429719391855,3.21429719391855,2.1428647959457003,2.0,0
47288,2014,5,Fundación,0,0,0,0,0,MAGDALENA,31.6,145.5,0.691,22.54,62222.0,0.0,35.24,35.46,33.75,34.1,88.05,33.22,12.31,88.9233333333333,0.5553,0.5516,0.5401,0.5992999999999999,21.91,20.73,19.48,21.72666666666667,1.0,1.0,2.0,0.6666666666666666,1.607148596959275,1.607148596959275,3.21429719391855,1.0714323979728506,2.0,0
47288,2014,6,Fundación,2,2,0,2,0,MAGDALENA,31.6,76.99,0.6819,22.79,62222.0,3.21429719391855,31.6,35.24,35.46,32.81333333333333,145.5,88.05,33.22,103.5133333333333,0.691,0.5553,0.5516,0.6427333333333333,22.54,21.91,20.73,22.41333333333333,0.0,1.0,1.0,1.0,0.0,1.607148596959275,1.607148596959275,1.6071485969592754,4.5,0
47288,2014,7,Fundación,1,0,1,1,0,MAGDALENA,34.66,63.67,0.6224,22.05,62222.0,1.607148596959275,31.6,31.6,35.24,32.62,76.99,145.5,88.05,95.38666666666664,0.6819,0.691,0.5553,0.6650999999999999,22.79,22.54,21.91,22.459999999999997,2.0,0.0,1.0,1.0,3.21429719391855,0.0,1.607148596959275,1.6071485969592754,2.0,0
47288,2014,8,Fundación,1,1,0,1,0,MAGDALENA,32.06,152.52,0.6877,22.17,62222.0,1.607148596959275,34.66,31.6,31.6,32.77333333333333,63.67,76.99,145.5,97.72666666666665,0.6224,0.6819,0.691,0.664,22.05,22.79,22.54,22.33666666666667,1.0,2.0,0.0,1.3333333333333333,1.607148596959275,3.21429719391855,0.0,2.1428647959457003,2.0,0
47288,2014,9,Fundación,1,1,0,1,0,MAGDALENA,30.93,159.91,0.722,22.42,62222.0,1.607148596959275,32.06,34.66,31.6,32.550000000000004,152.52,63.67,76.99,125.36666666666663,0.6877,0.6224,0.6819,0.6773666666666666,22.17,22.05,22.79,22.213333333333335,1.0,1.0,2.0,1.0,1.607148596959275,1.607148596959275,3.21429719391855,1.607148596959275,2.0,0
47288,2014,10,Fundación,6,6,0,6,0,MAGDALENA,28.52,273.03,0.7305,22.33,62222.0,9.642891581755649,30.93,32.06,34.66,30.503333333333334,159.91,152.52,63.67,195.1533333333333,0.722,0.6877,0.6224,0.7134,22.42,22.17,22.05,22.30666666666667,1.0,1.0,1.0,2.6666666666666665,1.607148596959275,1.607148596959275,1.607148596959275,4.2857295918914,2.0,1
47288,2014,11,Fundación,4,4,0,4,0,MAGDALENA,28.16,122.2,0.7564,22.16,62222.0,6.4285943878371,28.52,30.93,32.06,29.203333333333333,273.03,159.91,152.52,185.04666666666662,0.7305,0.722,0.6877,0.7363,22.33,22.42,22.17,22.30333333333333,6.0,1.0,1.0,3.6666666666666665,9.642891581755649,1.607148596959275,1.607148596959275,5.892878188850674,2.0,1
47288,2014,12,Fundación,1,1,0,1,0,MAGDALENA,29.14,50.8,0.7296,21.54,62222.0,1.607148596959275,28.16,28.52,30.93,28.606666666666666,122.2,273.03,159.91,148.67666666666665,0.7564,0.7305,0.722,0.7388333333333333,22.16,22.33,22.42,22.01,4.0,6.0,1.0,3.6666666666666665,6.4285943878371,9.642891581755649,1.607148596959275,5.892878188850674,2.0,0
47288,2015,1,Fundación,2,2,0,0,0,MAGDALENA,31.73,16.05,0.6414,19.59,62947.0,3.177276121181311,29.14,28.16,28.52,29.676666666666666,50.8,122.2,273.03,63.01666666666665,0.7296,0.7564,0.7305,0.7091333333333333,21.54,22.16,22.33,21.096666666666668,1.0,4.0,6.0,2.3333333333333335,1.607148596959275,6.4285943878371,9.642891581755649,3.737673035325896,2.0,0
47288,2015,2,Fundación,1,1,0,1,0,MAGDALENA,34.33,11.71,0.5522,20.11,62947.0,1.5886380605906556,31.73,29.14,28.16,31.73333333333333,16.05,50.8,122.2,26.18666666666665,0.6414,0.7296,0.7564,0.6410666666666667,19.59,21.54,22.16,20.41333333333333,2.0,1.0,4.0,1.3333333333333333,3.177276121181311,1.607148596959275,6.4285943878371,2.1243542595770815,2.0,0
47288,2015,3,Fundación,6,6,0,2,0,MAGDALENA,36.13,17.92,0.4954,19.64,62947.0,9.531828363543934,34.33,31.73,29.14,34.06333333333333,11.71,16.05,50.8,15.22666666666665,0.5522,0.6414,0.7296,0.5630000000000001,20.11,19.59,21.54,19.78,1.0,2.0,1.0,3.0,1.5886380605906556,3.177276121181311,1.607148596959275,4.765914181771968,2.0,1
47288,2015,4,Fundación,8,8,0,1,0,MAGDALENA,34.12,58.61,0.5355,22.21,62947.0,12.709104484725245,36.13,34.33,31.73,34.85999999999999,17.92,11.71,16.05,29.413333333333316,0.4954,0.5522,0.6414,0.5277000000000001,19.64,20.11,19.59,20.653333333333332,6.0,1.0,2.0,5.0,9.531828363543934,1.5886380605906556,3.177276121181311,7.943190302953279,2.0,1
47288,2015,5,Fundación,1,1,0,0,0,MAGDALENA,33.66,91.47,0.6025,22.55,62947.0,1.5886380605906556,34.12,36.13,34.33,34.63666666666666,58.61,17.92,11.71,55.99999999999998,0.5355,0.4954,0.5522,0.5444666666666667,22.21,19.64,20.11,21.46666666666667,8.0,6.0,1.0,5.0,12.709104484725245,9.531828363543934,1.5886380605906556,7.943190302953279,2.0,0
47288,2015,6,Fundación,1,1,0,1,0,MAGDALENA,34.28,73.68,0.6485,22.2,62947.0,1.5886380605906556,33.66,34.12,36.13,34.02,91.47,58.61,17.92,74.58666666666666,0.6025,0.5355,0.4954,0.5955,22.55,22.21,19.64,22.319999999999997,1.0,8.0,6.0,3.3333333333333335,1.5886380605906556,12.709104484725245,9.531828363543934,5.295460201968853,4.25,0
47288,2015,7,Fundación,3,3,0,3,0,MAGDALENA,33.81,71.44,0.649,21.99,62947.0,4.765914181771967,34.28,33.66,34.12,33.916666666666664,73.68,91.47,58.61,78.86333333333332,0.6485,0.6025,0.5355,0.6333333333333333,22.2,22.55,22.21,22.24666666666667,1.0,1.0,8.0,1.6666666666666667,1.5886380605906556,1.5886380605906556,12.709104484725245,2.6477301009844267,2.0,1
47288,2015,8,Fundación,1,1,0,0,0,MAGDALENA,33.05,98.53,0.698,22.72,62947.0,1.5886380605906556,33.81,34.28,33.66,33.71333333333333,71.44,73.68,91.47,81.21666666666665,0.649,0.6485,0.6025,0.6651666666666666,21.99,22.2,22.55,22.30333333333333,3.0,1.0,1.0,1.6666666666666667,4.765914181771967,1.5886380605906556,1.5886380605906556,2.6477301009844267,2.0,0
47288,2015,9,Fundación,8,8,0,2,0,MAGDALENA,32.05,109.45,0.7125,23.04,62947.0,12.709104484725245,33.05,33.81,34.28,32.97,98.53,71.44,73.68,93.13999999999999,0.698,0.649,0.6485,0.6865,22.72,21.99,22.2,22.583333333333332,1.0,3.0,1.0,4.0,1.5886380605906556,4.765914181771967,1.5886380605906556,6.354552242362622,2.0,1
47288,2015,10,Fundación,16,16,0,11,0,MAGDALENA,30.6,162.75,0.7249,22.72,62947.0,25.41820896945049,32.05,33.05,33.81,31.899999999999995,109.45,98.53,71.44,123.57666666666665,0.7125,0.698,0.649,0.7118000000000001,23.04,22.72,21.99,22.826666666666664,8.0,1.0,3.0,8.333333333333334,12.709104484725245,1.5886380605906556,4.765914181771967,13.238650504922129,2.25,1
47288,2015,11,Fundación,69,69,0,15,0,MAGDALENA,29.79,120.93,0.744,22.44,62947.0,109.61602618075523,30.6,32.05,33.05,30.813333333333333,162.75,109.45,98.53,131.04333333333332,0.7249,0.7125,0.698,0.7271333333333333,22.72,23.04,22.72,22.733333333333334,16.0,8.0,1.0,31.0,25.41820896945049,12.709104484725245,1.5886380605906556,49.247779878310325,2.5,1
47288,2015,12,Fundación,100,100,0,11,0,MAGDALENA,32.55,15.2,0.6816,21.76,62947.0,158.86380605906555,29.79,30.6,32.05,30.98,120.93,162.75,109.45,99.62666666666665,0.744,0.7249,0.7125,0.7168333333333333,22.44,22.72,23.04,22.30666666666667,69.0,16.0,8.0,61.666666666666664,109.61602618075523,25.41820896945049,12.709104484725245,97.96601373642375,2.0,1
47288,2016,1,Fundación,63,63,0,5,0,MAGDALENA,33.4,10.85,0.574,20.47,63819.0,98.71668311944718,32.55,29.79,30.6,31.913333333333327,15.2,120.93,162.75,48.99333333333332,0.6816,0.744,0.7249,0.6665333333333333,21.76,22.44,22.72,21.55666666666667,100.0,69.0,16.0,77.33333333333333,158.86380605906555,109.61602618075523,25.41820896945049,122.39883845308934,2.0,1
47288,2016,2,Fundación,14,13,1,1,0,MAGDALENA,35.67,9.06,0.4921,20.03,63819.0,21.937040693210484,33.4,32.55,29.79,33.873333333333335,10.85,15.2,120.93,11.703333333333314,0.574,0.6816,0.744,0.5825666666666666,20.47,21.76,22.44,20.753333333333334,63.0,100.0,69.0,59.0,98.71668311944718,158.86380605906555,109.61602618075523,93.17250995724108,2.0,1
47288,2016,3,Fundación,4,4,0,0,0,MAGDALENA,37.89,12.06,0.4719,20.45,63819.0,6.267725912345853,35.67,33.4,32.55,35.65333333333333,9.06,10.85,15.2,10.656666666666647,0.4921,0.574,0.6816,0.5126666666666667,20.03,20.47,21.76,20.316666666666666,14.0,63.0,100.0,27.0,21.937040693210484,98.71668311944718,158.86380605906555,42.307149908334516,2.0,1
47288,2016,4,Fundación,7,7,0,0,0,MAGDALENA,35.93,68.51,0.512,22.45,63819.0,10.968520346605242,37.89,35.67,33.4,36.49666666666666,12.06,9.06,10.85,29.876666666666647,0.4719,0.4921,0.574,0.492,20.45,20.03,20.47,20.976666666666667,4.0,14.0,63.0,8.333333333333334,6.267725912345853,21.937040693210484,98.71668311944718,13.057762317387201,2.0,1
47288,2016,5,Fundación,2,2,0,0,0,MAGDALENA,34.71,159.46,0.644,23.39,63819.0,3.1338629561729263,35.93,37.89,35.67,36.17666666666667,68.51,12.06,9.06,80.00999999999999,0.512,0.4719,0.4921,0.5426333333333333,22.45,20.45,20.03,22.096666666666664,7.0,4.0,14.0,4.333333333333333,10.968520346605242,6.267725912345853,21.937040693210484,6.7900364050413495,2.0,0
47288,2016,6,Fundación,9,9,0,0,0,MAGDALENA,30.71,144.21,0.7238,22.8,63819.0,14.10238330277817,34.71,35.93,37.89,33.78333333333333,159.46,68.51,12.06,124.05999999999999,0.644,0.512,0.4719,0.6265999999999999,23.39,22.45,20.45,22.88,2.0,7.0,4.0,6.0,3.1338629561729263,10.968520346605242,6.267725912345853,9.401588868518788,4.0,1
47288,2016,7,Fundación,4,4,0,1,0,MAGDALENA,31.16,115.48,0.7136,22.52,63819.0,6.267725912345853,30.71,34.71,35.93,32.19333333333333,144.21,159.46,68.51,139.71666666666667,0.7238,0.644,0.512,0.6938,22.8,23.39,22.45,22.903333333333336,9.0,2.0,7.0,5.0,14.10238330277817,3.1338629561729263,10.968520346605242,7.8346573904323265,2.0,1
47288,2016,8,Fundación,1,1,0,0,0,MAGDALENA,31.36,151.96,0.7058,22.73,63819.0,1.5669314780864632,31.16,30.71,34.71,31.076666666666664,115.48,144.21,159.46,137.21666666666667,0.7136,0.7238,0.644,0.7143999999999999,22.52,22.8,23.39,22.683333333333334,4.0,9.0,2.0,4.666666666666667,6.267725912345853,14.10238330277817,3.1338629561729263,7.3123468977368375,2.0,0
47288,2016,9,Fundación,2,2,0,1,0,MAGDALENA,29.64,150.69,0.7057,22.61,63819.0,3.1338629561729263,31.36,31.16,30.71,30.72,151.96,115.48,144.21,139.37666666666664,0.7058,0.7136,0.7238,0.7083666666666667,22.73,22.52,22.8,22.62,1.0,4.0,9.0,2.3333333333333335,1.5669314780864632,6.267725912345853,14.10238330277817,3.6561734488684237,2.0,0
47288,2016,10,Fundación,3,3,0,2,0,MAGDALENA,28.03,299.2,0.6883,22.43,63819.0,4.70079443425939,29.64,31.36,31.16,29.676666666666666,150.69,151.96,115.48,200.61666666666665,0.7057,0.7058,0.7136,0.6999333333333334,22.61,22.73,22.52,22.59,2.0,1.0,4.0,2.0,3.1338629561729263,1.5669314780864632,6.267725912345853,3.1338629561729356,6.0,0
47288,2016,11,Fundación,0,0,0,0,0,MAGDALENA,27.13,190.08,0.7133,22.25,63819.0,0.0,28.03,29.64,31.36,28.266666666666666,299.2,150.69,151.96,213.3233333333333,0.6883,0.7057,0.7058,0.7024333333333335,22.43,22.61,22.73,22.429999999999996,3.0,2.0,1.0,1.6666666666666667,4.70079443425939,3.1338629561729263,1.5669314780864632,2.6115524634774485,4.0,0
47288,2016,12,Fundación,1,1,0,0,0,MAGDALENA,28.61,37.53,0.7342,21.39,63819.0,1.5669314780864632,27.13,28.03,29.64,27.923333333333332,190.08,299.2,150.69,175.60333333333332,0.7133,0.6883,0.7057,0.7119333333333332,22.25,22.43,22.61,22.02333333333333,0.0,3.0,2.0,1.3333333333333333,0.0,4.70079443425939,3.1338629561729263,2.0892419707819605,2.0,0
47288,2017,1,Fundación,1,1,0,1,0,MAGDALENA,31.18,19.07,0.6575,18.69,64852.0,1.5419724912107569,28.61,27.13,28.03,28.97333333333333,37.53,190.08,299.2,82.22666666666665,0.7342,0.7133,0.6883,0.7016666666666667,21.39,22.25,22.43,20.776666666666667,1.0,0.0,3.0,0.6666666666666666,1.5669314780864632,0.0,4.70079443425939,1.0363013230990827,2.0,0
47288,2017,2,Fundación,0,0,0,0,0,MAGDALENA,33.68,14.24,0.564,18.1,64852.0,0.0,31.18,28.61,27.13,31.156666666666666,19.07,37.53,190.08,23.613333333333316,0.6575,0.7342,0.7133,0.6518999999999999,18.69,21.39,22.25,19.393333333333334,1.0,1.0,0.0,0.6666666666666666,1.5419724912107569,1.5669314780864632,0.0,1.0363013230990827,2.0,0
47288,2017,3,Fundación,1,1,0,0,0,MAGDALENA,33.75,78.59,0.5776,20.2,64852.0,1.5419724912107569,33.68,31.18,28.61,32.87,14.24,19.07,37.53,37.29999999999998,0.564,0.6575,0.7342,0.5997,18.1,18.69,21.39,18.99666666666667,0.0,1.0,1.0,0.6666666666666666,0.0,1.5419724912107569,1.5669314780864632,1.0279816608071808,3.25,0
47288,2017,4,Fundación,0,0,0,0,0,MAGDALENA,33.57,90.65,0.6296,21.73,64852.0,0.0,33.75,33.68,31.18,33.666666666666664,78.59,14.24,19.07,61.15999999999999,0.5776,0.564,0.6575,0.5903999999999999,20.2,18.1,18.69,20.01,1.0,0.0,1.0,0.3333333333333333,1.5419724912107569,0.0,1.5419724912107569,0.5139908304035951,5.5,0
47288,2017,5,Fundación,0,0,0,0,0,MAGDALENA,29.39,185.37,0.7315,22.93,64852.0,0.0,33.57,33.75,33.68,32.236666666666665,90.65,78.59,14.24,118.20333333333332,0.6296,0.5776,0.564,0.6462333333333333,21.73,20.2,18.1,21.62,0.0,1.0,0.0,0.3333333333333333,0.0,1.5419724912107569,0.0,0.5139908304035951,2.0,0
47288,2017,6,Fundación,0,0,0,0,0,MAGDALENA,29.29,188.81,0.7429,22.84,64852.0,0.0,29.39,33.57,33.75,30.75,185.37,90.65,78.59,154.94333333333333,0.7315,0.6296,0.5776,0.7013333333333334,22.93,21.73,20.2,22.5,0.0,0.0,1.0,0.0,0.0,0.0,1.5419724912107569,0.0,4.75,0
47288,2017,7,Fundación,0,0,0,0,0,MAGDALENA,29.44,156.29,0.737,22.75,64852.0,0.0,29.29,29.39,33.57,29.37333333333333,188.81,185.37,90.65,176.8233333333333,0.7429,0.7315,0.6296,0.7371333333333334,22.84,22.93,21.73,22.84,0.0,0.0,0.0,0.0,0.0,0.0,0.0,0.0,2.75,0
47288,2017,8,Fundación,0,0,0,0,0,MAGDALENA,29.09,156.05,0.7442,22.66,64852.0,0.0,29.44,29.29,29.39,29.27333333333333,156.29,188.81,185.37,167.04999999999998,0.737,0.7429,0.7315,0.7413666666666666,22.75,22.84,22.93,22.75,0.0,0.0,0.0,0.0,0.0,0.0,0.0,0.0,2.0,0
47288,2017,9,Fundación,0,0,0,0,0,MAGDALENA,29.37,175.84,0.7337,22.81,64852.0,0.0,29.09,29.44,29.29,29.299999999999997,156.05,156.29,188.81,162.72666666666666,0.7442,0.737,0.7429,0.7383000000000001,22.66,22.75,22.84,22.74,0.0,0.0,0.0,0.0,0.0,0.0,0.0,0.0,2.0,0
47288,2017,10,Fundación,0,0,0,0,0,MAGDALENA,28.75,215.68,0.7309,22.44,64852.0,0.0,29.37,29.09,29.44,29.069999999999997,175.84,156.05,156.29,182.5233333333333,0.7337,0.7442,0.737,0.7362666666666667,22.81,22.66,22.75,22.636666666666667,0.0,0.0,0.0,0.0,0.0,0.0,0.0,0.0,5.25,0
47288,2017,11,Fundación,1,1,0,0,0,MAGDALENA,28.2,185.39,0.739,22.12,64852.0,1.5419724912107569,28.75,29.37,29.09,28.77333333333333,215.68,175.84,156.05,192.30333333333328,0.7309,0.7337,0.7442,0.7345333333333334,22.44,22.81,22.66,22.456666666666667,0.0,0.0,0.0,0.3333333333333333,0.0,0.0,0.0,0.5139908304035951,3.5,0
47288,2017,12,Fundación,1,1,0,1,0,MAGDALENA,29.92,36.9,0.7248,20.48,64852.0,1.5419724912107569,28.2,28.75,29.37,28.956666666666663,185.39,215.68,175.84,145.98999999999998,0.739,0.7309,0.7337,0.7315666666666667,22.12,22.44,22.81,21.679999999999996,1.0,0.0,0.0,0.6666666666666666,1.5419724912107569,0.0,0.0,1.0279816608071808,2.0,0
47288,2018,1,Fundación,0,0,0,0,0,MAGDALENA,29.21,57.12,0.6869,20.51,66427.0,0.0,29.92,28.2,28.75,29.109999999999996,36.9,185.39,215.68,93.13666666666664,0.7248,0.739,0.7309,0.7169,20.48,22.12,22.44,21.036666666666665,1.0,1.0,0.0,0.6666666666666666,1.5419724912107569,1.5419724912107569,0.0,1.0279816608071808,2.0,0
47288,2018,2,Fundación,2,2,0,2,0,MAGDALENA,33.59,6.65,0.5909,16.99,66427.0,3.0108239119635085,29.21,29.92,28.2,30.906666666666666,57.12,36.9,185.39,33.55666666666665,0.6869,0.7248,0.739,0.6675333333333334,20.51,20.48,22.12,19.326666666666664,0.0,1.0,1.0,1.0,0.0,1.5419724912107569,1.5419724912107569,1.5175988010580979,2.0,0
47288,2018,3,Fundación,1,1,0,1,0,MAGDALENA,34.99,26.78,0.533,19.85,66427.0,1.5054119559817543,33.59,29.21,29.92,32.596666666666664,6.65,57.12,36.9,30.183333333333312,0.5909,0.6869,0.7248,0.6036,16.99,20.51,20.48,19.116666666666667,2.0,0.0,1.0,1.0,3.0108239119635085,0.0,1.5419724912107569,1.5054119559817636,2.5,0
47288,2018,4,Fundación,1,1,0,1,0,MAGDALENA,32.52,112.06,0.6156,21.57,66427.0,1.5054119559817543,34.99,33.59,29.21,33.699999999999996,26.78,6.65,57.12,48.49666666666665,0.533,0.5909,0.6869,0.5798333333333333,19.85,16.99,20.51,19.470000000000002,1.0,2.0,0.0,1.3333333333333333,1.5054119559817543,3.0108239119635085,0.0,2.007215941309015,4.0,0
47288,2018,5,Fundación,5,5,0,5,0,MAGDALENA,29.08,193.0,0.7027,22.58,66427.0,7.527059779908772,32.52,34.99,33.59,32.196666666666665,112.06,26.78,6.65,110.6133333333333,0.6156,0.533,0.5909,0.6171,21.57,19.85,16.99,21.333333333333332,1.0,1.0,2.0,2.3333333333333335,1.5054119559817543,1.5054119559817543,3.0108239119635085,3.51262789729077,2.0,1
47288,2018,6,Fundación,37,37,0,26,0,MAGDALENA,29.12,95.86,0.7233,22.64,66427.0,55.70024237132492,29.08,32.52,34.99,30.24,193.0,112.06,26.78,133.64,0.7027,0.6156,0.533,0.6805333333333333,22.58,21.57,19.85,22.263333333333332,5.0,1.0,1.0,14.333333333333334,7.527059779908772,1.5054119559817543,1.5054119559817543,21.577571369071823,4.5,1
47288,2018,7,Fundación,94,94,0,38,0,MAGDALENA,30.77,94.79,0.6939,22.01,66427.0,141.5087238622849,29.12,29.08,32.52,29.656666666666666,95.86,193.0,112.06,127.88333333333331,0.7233,0.7027,0.6156,0.7066333333333333,22.64,22.58,21.57,22.41,37.0,5.0,1.0,45.333333333333336,55.70024237132492,7.527059779908772,1.5054119559817543,68.24534200450621,2.5,1
47288,2018,8,Fundación,101,101,0,41,0,MAGDALENA,30.8,108.93,0.7178,22.03,66427.0,152.0466075541572,30.77,29.12,29.08,30.23,94.79,95.86,193.0,99.85999999999997,0.6939,0.7233,0.7027,0.7116666666666666,22.01,22.64,22.58,22.22666666666667,94.0,37.0,5.0,77.33333333333333,141.5087238622849,55.70024237132492,7.527059779908772,116.41852459592235,2.0,1
47288,2018,9,Fundación,114,114,0,80,0,MAGDALENA,29.52,144.52,0.7228,22.46,66427.0,171.61696298192,30.8,30.77,29.12,30.36333333333333,108.93,94.79,95.86,116.07999999999998,0.7178,0.6939,0.7233,0.7115,22.03,22.01,22.64,22.166666666666668,101.0,94.0,37.0,103.0,152.0466075541572,141.5087238622849,55.70024237132492,155.05743146612073,2.0,1
47288,2018,10,Fundación,117,117,0,81,0,MAGDALENA,28.2,297.84,0.7052,22.32,66427.0,176.13319884986527,29.52,30.8,30.77,29.506666666666664,144.52,108.93,94.79,183.76333333333332,0.7228,0.7178,0.6939,0.7152666666666666,22.46,22.03,22.01,22.27,114.0,101.0,94.0,110.66666666666667,171.61696298192,152.0466075541572,141.5087238622849,166.5989231286475,4.5,1
47288,2018,11,Fundación,106,103,3,82,0,MAGDALENA,28.77,86.7,0.7566,22.24,66427.0,159.57366733406596,28.2,29.52,30.8,28.83,297.84,144.52,108.93,176.35333333333332,0.7052,0.7228,0.7178,0.7282000000000001,22.32,22.46,22.03,22.34,117.0,114.0,101.0,112.33333333333333,176.13319884986527,171.61696298192,152.0466075541572,169.10794305528376,3.0,1
47288,2018,12,Fundación,112,112,0,97,0,MAGDALENA,31.78,6.36,0.685,19.15,66427.0,168.6061390699565,28.77,28.2,29.52,29.583333333333332,86.7,297.84,144.52,130.29999999999998,0.7566,0.7052,0.7228,0.7156000000000001,22.24,22.32,22.46,21.236666666666668,106.0,117.0,114.0,111.66666666666667,159.57366733406596,176.13319884986527,171.61696298192,168.10433508462924,2.0,1
47288,2019,1,Fundación,60,60,0,53,0,MAGDALENA,32.77,11.82,0.5776,18.7,68506.0,87.58356932239512,31.78,28.77,28.2,31.106666666666666,6.36,86.7,297.84,34.95999999999996,0.685,0.7566,0.7052,0.6730666666666667,19.15,22.24,22.32,20.03,112.0,106.0,117.0,92.66666666666667,168.6061390699565,159.57366733406596,176.13319884986527,138.58779190880588,2.0,1
47288,2019,2,Fundación,27,27,0,26,0,MAGDALENA,34.79,8.5,0.5143,18.84,68506.0,39.4126061950778,32.77,31.78,28.77,33.11333333333334,11.82,6.36,86.7,8.893333333333295,0.5776,0.685,0.7566,0.5922999999999999,18.7,19.15,22.24,18.896666666666665,60.0,112.0,106.0,66.33333333333333,87.58356932239512,168.6061390699565,159.57366733406596,98.5341048624765,2.0,1
47288,2019,3,Fundación,13,13,0,11,0,MAGDALENA,36.01,24.06,0.5016,20.43,68506.0,18.976440019852276,34.79,32.77,31.78,34.52333333333333,8.5,11.82,6.36,14.793333333333294,0.5143,0.5776,0.685,0.5311666666666667,18.84,18.7,19.15,19.323333333333334,27.0,60.0,112.0,33.333333333333336,39.4126061950778,87.58356932239512,168.6061390699565,48.65753851244174,2.0,1
47288,2019,4,Fundación,1,1,0,1,0,MAGDALENA,34.32,83.88,0.5577,21.81,68506.0,1.4597261553732521,36.01,34.79,32.77,35.03999999999999,24.06,8.5,11.82,38.8133333333333,0.5016,0.5143,0.5776,0.5245333333333334,20.43,18.84,18.7,20.36,13.0,27.0,60.0,13.666666666666666,18.976440019852276,39.4126061950778,87.58356932239512,19.94959079010112,2.5,0
47288,2019,5,Fundación,2,2,0,2,0,MAGDALENA,32.46,172.65,0.6813,22.86,68506.0,2.9194523107465042,34.32,36.01,34.79,34.26333333333333,83.88,24.06,8.5,93.52999999999997,0.5577,0.5016,0.5143,0.5801999999999999,21.81,20.43,18.84,21.7,1.0,13.0,27.0,5.333333333333333,1.4597261553732521,18.976440019852276,39.4126061950778,7.785206161990687,2.0,0
47288,2019,6,Fundación,2,2,0,1,0,MAGDALENA,30.7,88.2,0.7438,23.0,68506.0,2.9194523107465042,32.46,34.32,36.01,32.49333333333333,172.65,83.88,24.06,114.90999999999997,0.6813,0.5577,0.5016,0.6609333333333333,22.86,21.81,20.43,22.55666666666667,2.0,1.0,13.0,1.6666666666666667,2.9194523107465042,1.4597261553732521,18.976440019852276,2.4328769256220966,5.0,0
47288,2019,7,Fundación,7,7,0,7,0,MAGDALENA,31.45,82.38,0.7065,21.85,68506.0,10.218083087612763,30.7,32.46,34.32,31.53666666666666,88.2,172.65,83.88,114.40999999999997,0.7438,0.6813,0.5577,0.7105333333333334,23.0,22.86,21.81,22.569999999999997,2.0,2.0,1.0,3.6666666666666665,2.9194523107465042,2.9194523107465042,1.4597261553732521,5.3523292363686,3.0,1
47288,2019,8,Fundación,8,8,0,8,0,MAGDALENA,31.22,120.51,0.7062,22.4,68506.0,11.677809242986017,31.45,30.7,32.46,31.12333333333333,82.38,88.2,172.65,97.02999999999997,0.7065,0.7438,0.6813,0.7188333333333334,21.85,23.0,22.86,22.416666666666668,7.0,2.0,2.0,5.666666666666667,10.218083087612763,2.9194523107465042,2.9194523107465042,8.271781547115104,2.0,1
47288,2019,9,Fundación,3,3,0,2,0,MAGDALENA,29.5,207.95,0.7021,22.56,68506.0,4.379178466119756,31.22,31.45,30.7,30.72333333333333,120.51,82.38,88.2,136.94666666666663,0.7062,0.7065,0.7438,0.7049333333333333,22.4,21.85,23.0,22.27,8.0,7.0,2.0,6.0,11.677809242986017,10.218083087612763,2.9194523107465042,8.758356932239522,2.0,1
47288,2019,10,Fundación,4,4,0,3,0,MAGDALENA,28.41,230.01,0.7261,22.41,68506.0,5.8389046214930085,29.5,31.22,31.45,29.709999999999997,207.95,120.51,82.38,186.15666666666664,0.7021,0.7062,0.7065,0.7114666666666666,22.56,22.4,21.85,22.456666666666667,3.0,8.0,7.0,5.0,4.379178466119756,11.677809242986017,10.218083087612763,7.298630776866269,6.0,0
47288,2019,11,Fundación,2,2,0,0,0,MAGDALENA,28.27,101.58,0.7235,22.2,68506.0,2.9194523107465042,28.41,29.5,31.22,28.726666666666663,230.01,207.95,120.51,179.8466666666666,0.7261,0.7021,0.7062,0.7172333333333333,22.41,22.56,22.4,22.389999999999997,4.0,3.0,8.0,3.0,5.8389046214930085,4.379178466119756,11.677809242986017,4.3791784661197655,4.0,0
47288,2019,12,Fundación,10,9,1,7,0,MAGDALENA,29.59,19.16,0.6744,21.69,68506.0,14.59726155373252,28.27,28.41,29.5,28.756666666666664,101.58,230.01,207.95,116.91666666666661,0.7235,0.7261,0.7021,0.7080000000000001,22.2,22.41,22.56,22.099999999999998,2.0,4.0,3.0,5.333333333333333,2.9194523107465042,5.8389046214930085,4.379178466119756,7.785206161990687,2.25,1
47288,2020,1,Fundación,10,10,0,5,0,MAGDALENA,33.28,14.58,0.6023,19.37,70897.0,14.104969180642339,29.59,28.27,28.41,30.38,19.16,101.58,230.01,45.10666666666663,0.6744,0.7235,0.7261,0.6667333333333333,21.69,22.2,22.41,21.08666666666667,10.0,2.0,4.0,7.333333333333333,14.59726155373252,2.9194523107465042,5.8389046214930085,10.540561015040465,2.0,1
47288,2020,2,Fundación,6,6,0,4,0,MAGDALENA,35.49,10.21,0.526,18.8,70897.0,8.462981508385404,33.28,29.59,28.27,32.78666666666667,14.58,19.16,101.58,14.649999999999963,0.6023,0.6744,0.7235,0.6009,19.37,21.69,22.2,19.953333333333333,10.0,10.0,2.0,8.666666666666666,14.104969180642339,14.59726155373252,2.9194523107465042,12.388404080920097,2.0,1
47288,2020,3,Fundación,3,3,0,1,0,MAGDALENA,37.19,11.68,0.4925,18.73,70897.0,4.231490754192702,35.49,33.28,29.59,35.32,10.21,14.58,19.16,12.156666666666629,0.526,0.6023,0.6744,0.5402666666666666,18.8,19.37,21.69,18.96666666666667,6.0,10.0,10.0,6.333333333333333,8.462981508385404,14.104969180642339,14.59726155373252,8.933147147740158,4.0,0
47288,2020,4,Fundación,0,0,0,0,0,MAGDALENA,34.64,69.44,0.5385,21.84,70897.0,0.0,37.19,35.49,33.28,35.77333333333333,11.68,10.21,14.58,30.443333333333296,0.4925,0.526,0.6023,0.519,18.73,18.8,19.37,19.790000000000003,3.0,6.0,10.0,3.0,4.231490754192702,8.462981508385404,14.104969180642339,4.231490754192712,2.0,0
47288,2020,5,Fundación,2,2,0,2,0,MAGDALENA,34.53,147.5,0.6218,23.1,70897.0,2.8209938361284683,34.64,37.19,35.49,35.453333333333326,69.44,11.68,10.21,76.20666666666664,0.5385,0.4925,0.526,0.5509333333333334,21.84,18.73,18.8,21.223333333333333,0.0,3.0,6.0,1.6666666666666667,0.0,4.231490754192702,8.462981508385404,2.350828196773733,2.0,0
47288,2020,6,Fundación,1,1,0,0,0,MAGDALENA,30.83,128.14,0.6926,22.7,70897.0,1.4104969180642342,34.53,34.64,37.19,33.33333333333333,147.5,69.44,11.68,115.02666666666663,0.6218,0.5385,0.4925,0.6176333333333334,23.1,21.84,18.73,22.546666666666667,2.0,0.0,3.0,1.0,2.8209938361284683,0.0,4.231490754192702,1.4104969180642435,5.0,0
47288,2020,7,Fundación,0,0,0,0,0,MAGDALENA,29.15,164.68,0.7379,22.51,70897.0,0.0,30.83,34.53,34.64,31.50333333333333,128.14,147.5,69.44,146.77333333333328,0.6926,0.6218,0.5385,0.6840999999999999,22.7,23.1,21.84,22.77,1.0,2.0,0.0,1.0,1.4104969180642342,2.8209938361284683,0.0,1.4104969180642435,3.0,0
47288,2020,8,Fundación,0,0,0,0,0,MAGDALENA,28.26,164.96,0.6939,22.68,70897.0,0.0,29.15,30.83,34.53,29.41333333333333,164.68,128.14,147.5,152.59333333333328,0.7379,0.6926,0.6218,0.7081333333333334,22.51,22.7,23.1,22.63,0.0,1.0,2.0,0.3333333333333333,0.0,1.4104969180642342,2.8209938361284683,0.4701656393547542,2.0,0
47288,2020,9,Fundación,3,3,0,3,0,MAGDALENA,29.37,206.89,0.7165,22.52,70897.0,4.231490754192702,28.26,29.15,30.83,28.926666666666666,164.96,164.68,128.14,178.84333333333328,0.6939,0.7379,0.6926,0.7161,22.68,22.51,22.7,22.570000000000004,0.0,0.0,1.0,1.0,0.0,0.0,1.4104969180642342,1.4104969180642435,2.0,1
47288,2020,10,Fundación,5,5,0,5,0,MAGDALENA,29.04,226.13,0.724,22.44,70897.0,7.0524845903211695,29.37,28.26,29.15,28.889999999999997,206.89,164.96,164.68,199.32666666666663,0.7165,0.6939,0.7379,0.7114666666666666,22.52,22.68,22.51,22.546666666666667,3.0,0.0,0.0,2.6666666666666665,4.231490754192702,0.0,0.0,3.7613251148379665,6.0,0
47288,2020,11,Fundación,3,3,0,2,0,MAGDALENA,27.65,178.5,0.7301,22.18,70897.0,4.231490754192702,29.04,29.37,28.26,28.686666666666664,226.13,206.89,164.96,203.83999999999995,0.724,0.7165,0.6939,0.7235333333333333,22.44,22.52,22.68,22.38,5.0,3.0,0.0,3.6666666666666665,7.0524845903211695,4.231490754192702,0.0,5.171822032902201,4.0,0
47288,2020,12,Fundación,3,2,1,2,0,MAGDALENA,29.32,28.42,0.7357,21.04,70897.0,4.231490754192702,27.65,29.04,29.37,28.669999999999998,178.5,226.13,206.89,144.34999999999994,0.7301,0.724,0.7165,0.7299333333333333,22.18,22.44,22.52,21.886666666666667,3.0,5.0,3.0,3.6666666666666665,4.231490754192702,7.0524845903211695,4.231490754192702,5.171822032902201,3.0,0
47288,2021,1,Fundación,18,16,2,14,1,MAGDALENA,31.66,15.03,0.659,18.53,72410.0,24.858444966164896,29.32,27.65,29.04,29.543333333333333,28.42,178.5,226.13,73.98333333333329,0.7357,0.7301,0.724,0.7082666666666667,21.04,22.18,22.44,20.583333333333332,3.0,3.0,5.0,8.0,4.231490754192702,4.231490754192702,7.0524845903211695,11.107142158183443,2.75,1
47288,2021,2,Fundación,24,24,0,20,0,MAGDALENA,33.92,15.06,0.5613,18.7,72410.0,33.14459328821986,31.66,29.32,27.65,31.633333333333336,15.03,28.42,178.5,19.5033333333333,0.659,0.7357,0.7301,0.652,18.53,21.04,22.18,19.423333333333332,18.0,3.0,3.0,15.0,24.858444966164896,4.231490754192702,4.231490754192702,20.74484300285916,5.0,1
47288,2021,3,Fundación,17,17,0,14,0,MAGDALENA,33.83,34.75,0.544,18.5,72410.0,23.4774202458224,33.92,31.66,29.32,33.13666666666666,15.06,15.03,28.42,21.613333333333298,0.5613,0.659,0.7357,0.5881,18.7,18.53,21.04,18.576666666666668,24.0,18.0,3.0,19.666666666666668,33.14459328821986,24.858444966164896,4.231490754192702,27.160152833402396,3.75,1
47288,2021,4,Fundación,11,11,0,3,0,MAGDALENA,32.3,107.1,0.639,22.21,72410.0,15.191271923767436,33.83,33.92,31.66,33.349999999999994,34.75,15.06,15.03,52.30333333333329,0.544,0.5613,0.659,0.5814333333333334,18.5,18.7,18.53,19.803333333333335,17.0,24.0,18.0,17.333333333333332,23.4774202458224,33.14459328821986,24.858444966164896,23.93776181926991,2.0,1
47288,2021,5,Fundación,40,40,0,11,0,MAGDALENA,30.74,135.18,0.7035,22.54,72410.0,55.240988813699765,32.3,33.83,33.92,32.29,107.1,34.75,15.06,92.34333333333329,0.639,0.544,0.5613,0.6288333333333334,22.21,18.5,18.7,21.083333333333332,11.0,17.0,24.0,22.666666666666668,15.191271923767436,23.4774202458224,33.14459328821986,31.303226994429878,2.0,1
47288,2021,6,Fundación,68,68,0,26,0,MAGDALENA,29.21,151.19,0.738,22.45,72410.0,93.9096809832896,30.74,32.3,33.83,30.749999999999996,135.18,107.1,34.75,131.15666666666664,0.7035,0.639,0.544,0.6934999999999999,22.54,22.21,18.5,22.400000000000002,40.0,11.0,17.0,39.666666666666664,55.240988813699765,15.191271923767436,23.4774202458224,54.78064724025228,4.75,1
47288,2021,7,Fundación,68,68,0,45,0,MAGDALENA,30.4,98.74,0.7315,22.29,72410.0,93.9096809832896,29.21,30.74,32.3,30.116666666666664,151.19,135.18,107.1,128.36999999999995,0.738,0.7035,0.639,0.7243333333333334,22.45,22.54,22.21,22.426666666666666,68.0,40.0,11.0,58.666666666666664,93.9096809832896,55.240988813699765,15.191271923767436,81.02011692675967,3.0,1
47288,2021,8,Fundación,41,41,0,31,0,MAGDALENA,28.92,180.04,0.6907,22.32,72410.0,56.62201353404225,30.4,29.21,30.74,29.51,98.74,151.19,135.18,143.3233333333333,0.7315,0.738,0.7035,0.7200666666666667,22.29,22.45,22.54,22.353333333333335,68.0,68.0,40.0,59.0,93.9096809832896,93.9096809832896,55.240988813699765,81.48045850020716,2.0,1
47288,2021,9,Fundación,46,46,0,30,0,MAGDALENA,29.34,109.59,0.73,22.56,72410.0,63.527137135754735,28.92,30.4,29.21,29.55333333333333,180.04,98.74,151.19,129.45666666666662,0.6907,0.7315,0.738,0.7174,22.32,22.29,22.45,22.389999999999997,41.0,68.0,68.0,51.666666666666664,56.62201353404225,93.9096809832896,93.9096809832896,71.3529438843622,2.75,1
47288,2021,10,Fundación,26,26,0,16,0,MAGDALENA,27.19,233.48,0.6606,22.47,72410.0,35.90664272890485,29.34,28.92,30.4,28.483333333333334,109.59,180.04,98.74,174.36999999999998,0.73,0.6907,0.7315,0.6937666666666665,22.56,22.32,22.29,22.45,46.0,41.0,68.0,37.666666666666664,63.527137135754735,56.62201353404225,93.9096809832896,52.01859779956729,5.75,1
47288,2021,11,Fundación,18,18,0,8,0,MAGDALENA,28.52,97.78,0.7348,21.9,72410.0,24.858444966164896,27.19,29.34,28.92,28.349999999999998,233.48,109.59,180.04,146.94999999999996,0.6606,0.73,0.6907,0.7084666666666667,22.47,22.56,22.32,22.31,26.0,46.0,41.0,30.0,35.90664272890485,63.527137135754735,56.62201353404225,41.430741610274836,3.75,1
47288,2021,12,Fundación,11,11,0,6,0,MAGDALENA,29.86,17.0,0.706,21.27,72410.0,15.191271923767436,28.52,27.19,29.34,28.52333333333333,97.78,233.48,109.59,116.08666666666663,0.7348,0.6606,0.73,0.7004666666666667,21.9,22.47,22.56,21.88,18.0,26.0,46.0,18.333333333333332,24.858444966164896,35.90664272890485,63.527137135754735,25.318786539612404,3.0,1
47288,2022,1,Fundación,3,3,0,3,0,MAGDALENA,31.19,11.21,0.6193,19.11,73447.0,4.084577995016815,29.86,28.52,27.19,29.856666666666666,17.0,97.78,233.48,41.99666666666664,0.706,0.7348,0.6606,0.6867,21.27,21.9,22.47,20.76,11.0,18.0,26.0,10.666666666666666,15.191271923767436,24.858444966164896,35.90664272890485,14.711431628316392,6.5,0
47288,2022,2,Fundación,4,4,0,2,0,MAGDALENA,33.16,24.89,0.5512,18.56,73447.0,5.446103993355753,31.19,29.86,28.52,31.403333333333325,11.21,17.0,97.78,17.69999999999997,0.6193,0.706,0.7348,0.6255000000000001,19.11,21.27,21.9,19.646666666666665,3.0,11.0,18.0,6.0,4.084577995016815,15.191271923767436,24.858444966164896,8.240651304046677,6.0,0
47288,2022,3,Fundación,1,1,0,0,0,MAGDALENA,32.36,65.36,0.6073,20.53,73447.0,1.3615259983389383,33.16,31.19,29.86,32.23666666666666,24.89,11.21,17.0,33.81999999999997,0.5512,0.6193,0.706,0.5926,18.56,19.11,21.27,19.400000000000002,4.0,3.0,11.0,2.6666666666666665,5.446103993355753,4.084577995016815,15.191271923767436,3.6307359955705114,5.0,0
47288,2022,4,Fundación,3,3,0,1,0,MAGDALENA,31.05,154.84,0.6952,22.25,73447.0,4.084577995016815,32.36,33.16,31.19,32.19,65.36,24.89,11.21,81.69666666666663,0.6073,0.5512,0.6193,0.6179,20.53,18.56,19.11,20.44666666666667,1.0,4.0,3.0,2.6666666666666665,1.3615259983389383,5.446103993355753,4.084577995016815,3.6307359955705114,4.0,0
47288,2022,5,Fundación,1,1,0,0,0,MAGDALENA,29.15,163.08,0.723,22.68,73447.0,1.3615259983389383,31.05,32.36,33.16,30.853333333333328,154.84,65.36,24.89,127.75999999999998,0.6952,0.6073,0.5512,0.6751666666666667,22.25,20.53,18.56,21.820000000000004,3.0,1.0,4.0,1.6666666666666667,4.084577995016815,1.3615259983389383,5.446103993355753,2.2692099972315734,2.0,0
47288,2022,6,Fundación,2,2,0,1,0,MAGDALENA,27.69,289.97,0.724,22.15,73447.0,2.7230519966778766,29.15,31.05,32.36,29.296666666666663,163.08,154.84,65.36,202.62999999999997,0.723,0.6952,0.6073,0.7140666666666666,22.68,22.25,20.53,22.36,1.0,3.0,1.0,2.0,1.3615259983389383,4.084577995016815,1.3615259983389383,2.7230519966778863,5.0,0
47288,2022,7,Fundación,1,1,0,1,0,MAGDALENA,28.06,125.82,0.7418,22.49,73447.0,1.3615259983389383,27.69,29.15,31.05,28.299999999999997,289.97,163.08,154.84,192.95666666666662,0.724,0.723,0.6952,0.7296,22.15,22.68,22.25,22.439999999999998,2.0,1.0,3.0,1.3333333333333333,2.7230519966778766,1.3615259983389383,4.084577995016815,1.8153679977852606,3.5,0
47288,2022,8,Fundación,7,7,0,7,0,MAGDALENA,28.03,204.9,0.7176,22.33,73447.0,9.530681988372567,28.06,27.69,29.15,27.926666666666662,125.82,289.97,163.08,206.89666666666665,0.7418,0.724,0.723,0.7278000000000001,22.49,22.15,22.68,22.323333333333334,1.0,2.0,1.0,3.3333333333333335,1.3615259983389383,2.7230519966778766,1.3615259983389383,4.538419994463137,2.0,1
47288,2022,9,Fundación,3,3,0,3,0,MAGDALENA,27.98,237.39,0.6719,22.26,73447.0,4.084577995016815,28.03,28.06,27.69,28.02333333333333,204.9,125.82,289.97,189.36999999999998,0.7176,0.7418,0.724,0.7104333333333334,22.33,22.49,22.15,22.36,7.0,1.0,2.0,3.6666666666666665,9.530681988372567,1.3615259983389383,2.7230519966778766,4.992261993909449,3.0,0
47288,2022,10,Fundación,9,9,0,6,0,MAGDALENA,26.63,421.25,0.721,22.03,73447.0,12.253733985050443,27.98,28.03,28.06,27.546666666666663,237.39,204.9,125.82,287.84666666666664,0.6719,0.7176,0.7418,0.7035,22.26,22.33,22.49,22.206666666666667,3.0,7.0,1.0,6.333333333333333,4.084577995016815,9.530681988372567,1.3615259983389383,8.62299798947995,6.0,1
47288,2022,11,Fundación,14,14,0,10,0,MAGDALENA,26.41,234.81,0.6802,21.94,73447.0,19.061363976745135,26.63,27.98,28.03,27.00666666666666,421.25,237.39,204.9,297.81666666666666,0.721,0.6719,0.7176,0.6910333333333334,22.03,22.26,22.33,22.076666666666668,9.0,3.0,7.0,8.666666666666666,12.253733985050443,4.084577995016815,9.530681988372567,11.79989198560414,4.0,1
47288,2022,12,Fundación,11,11,0,7,0,MAGDALENA,28.7,12.31,0.7152,19.93,73447.0,14.976785981728321,26.41,26.63,27.98,27.246666666666666,234.81,421.25,237.39,222.78999999999996,0.6802,0.721,0.6719,0.7054666666666667,21.94,22.03,22.26,21.3,14.0,9.0,3.0,11.333333333333334,19.061363976745135,12.253733985050443,4.084577995016815,15.430627981174643,6.5,1
47288,2023,1,Fundación,6,6,0,5,0,MAGDALENA,29.94,36.47,0.6478,19.11,74427.0,8.061590551815874,28.7,26.41,26.63,28.349999999999998,12.31,234.81,421.25,94.52999999999997,0.7152,0.6802,0.721,0.6810666666666666,19.93,21.94,22.03,20.326666666666668,11.0,14.0,9.0,10.333333333333334,14.976785981728321,19.061363976745135,12.253733985050443,14.033246836763118,4.75,1
47288,2023,2,Fundación,9,9,0,7,0,MAGDALENA,33.23,8.92,0.5652,17.22,74427.0,12.09238582772381,29.94,28.7,26.41,30.62333333333333,36.47,12.31,234.81,19.233333333333317,0.6478,0.7152,0.6802,0.6427333333333333,19.11,19.93,21.94,18.753333333333334,6.0,11.0,14.0,8.666666666666666,8.061590551815874,14.976785981728321,19.061363976745135,11.710254120422675,6.0,1
47288,2023,3,Fundación,3,3,0,2,0,MAGDALENA,33.08,41.85,0.5387,20.1,74427.0,4.030795275907937,33.23,29.94,28.7,32.08333333333333,8.92,36.47,12.31,29.079999999999984,0.5652,0.6478,0.7152,0.5839,17.22,19.11,19.93,18.81,9.0,6.0,11.0,6.0,12.09238582772381,8.061590551815874,14.976785981728321,8.061590551815883,4.5,0
47288,2023,4,Fundación,4,4,0,3,0,MAGDALENA,33.15,87.19,0.5975,21.05,74427.0,5.3743937012105825,33.08,33.23,29.94,33.15333333333333,41.85,8.92,36.47,45.98666666666665,0.5387,0.5652,0.6478,0.5671333333333334,20.1,17.22,19.11,19.456666666666667,3.0,9.0,6.0,5.333333333333333,4.030795275907937,12.09238582772381,8.061590551815874,7.165858268280785,4.0,0
47288,2023,5,Fundación,8,8,0,6,0,MAGDALENA,33.39,160.1,0.6434,22.59,74427.0,10.748787402421165,33.15,33.08,33.23,33.20666666666667,87.19,41.85,8.92,96.38,0.5975,0.5387,0.5652,0.5932000000000001,21.05,20.1,17.22,21.24666666666667,4.0,3.0,9.0,5.0,5.3743937012105825,4.030795275907937,12.09238582772381,6.717992126513237,2.0,1
47288,2023,6,Fundación,15,15,0,12,0,MAGDALENA,29.86,162.34,0.753,23.11,74427.0,20.153976379539685,33.39,33.15,33.08,32.133333333333326,160.1,87.19,41.85,136.54333333333332,0.6434,0.5975,0.5387,0.6646333333333333,22.59,21.05,20.1,22.25,8.0,4.0,3.0,9.0,10.748787402421165,5.3743937012105825,4.030795275907937,12.092385827723819,5.0,1
47288,2023,7,Fundación,17,17,0,12,0,MAGDALENA,30.4,122.92,0.7526,22.87,74427.0,22.841173230144975,29.86,33.39,33.15,31.216666666666665,162.34,160.1,87.19,148.45333333333332,0.753,0.6434,0.5975,0.7163333333333334,23.11,22.59,21.05,22.856666666666666,15.0,8.0,4.0,13.333333333333334,20.153976379539685,10.748787402421165,5.3743937012105825,17.914645670701947,3.25,1
47288,2023,8,Fundación,42,42,0,26,0,MAGDALENA,28.93,146.43,0.724,22.93,74427.0,56.431133862711114,30.4,29.86,33.39,29.73,122.92,162.34,160.1,143.89666666666668,0.7526,0.753,0.6434,0.7432,22.87,23.11,22.59,22.97,17.0,15.0,8.0,24.666666666666668,22.841173230144975,20.153976379539685,10.748787402421165,33.1420944907986,3.25,1
47288,2023,9,Fundación,67,67,0,30,0,MAGDALENA,29.85,113.34,0.7341,23.26,74427.0,90.02109449527725,28.93,30.4,29.86,29.726666666666663,146.43,122.92,162.34,127.56333333333332,0.724,0.7526,0.753,0.7369,22.93,22.87,23.11,23.02,42.0,17.0,15.0,42.0,56.431133862711114,22.841173230144975,20.153976379539685,56.431133862711114,3.0,1
47288,2023,10,Fundación,59,59,0,28,0,MAGDALENA,28.81,292.46,0.7324,22.92,74427.0,79.27230709285608,29.85,28.93,30.4,29.196666666666662,113.34,146.43,122.92,184.07666666666668,0.7341,0.724,0.7526,0.7301666666666667,23.26,22.93,22.87,23.036666666666665,67.0,42.0,17.0,56.0,90.02109449527725,56.431133862711114,22.841173230144975,75.24151181694815,6.75,1
47288,2023,11,Fundación,79,79,0,42,0,MAGDALENA,28.32,136.02,0.7626,22.86,74427.0,106.144275598909,28.81,29.85,28.93,28.99333333333333,292.46,113.34,146.43,180.60666666666665,0.7324,0.7341,0.724,0.7430333333333333,22.92,23.26,22.93,23.013333333333335,59.0,67.0,42.0,68.33333333333333,79.27230709285608,90.02109449527725,56.431133862711114,91.81255906234746,6.5,1
47288,2023,12,Fundación,72,72,0,39,0,MAGDALENA,29.26,27.55,0.6981,21.59,74427.0,96.73908662179048,28.32,28.81,29.85,28.796666666666663,136.02,292.46,113.34,152.00999999999996,0.7626,0.7324,0.7341,0.7310333333333334,22.86,22.92,23.26,22.456666666666667,79.0,59.0,67.0,70.0,106.144275598909,79.27230709285608,90.02109449527725,94.05188977118519,10.25,1
47288,2024,1,Fundación,31,31,0,18,0,MAGDALENA,31.81,8.68,0.6274,19.36,75360.0,41.13588110403397,29.26,28.32,28.81,29.796666666666663,27.55,136.02,292.46,57.416666666666664,0.6981,0.7626,0.7324,0.6960333333333333,21.59,22.86,22.92,21.27,72.0,79.0,59.0,60.666666666666664,96.73908662179048,106.144275598909,79.27230709285608,81.33974777491116,6.0,1
47288,2024,2,Fundación,13,13,0,9,0,MAGDALENA,32.79,33.04,0.5596,20.59,75360.0,17.25053078556263,31.81,29.26,28.32,31.286666666666665,8.68,27.55,136.02,23.09,0.6274,0.6981,0.7626,0.6283666666666666,19.36,21.59,22.86,20.513333333333335,31.0,72.0,79.0,38.666666666666664,41.13588110403397,96.73908662179048,106.144275598909,51.7084995037957,6.0,1
47288,2024,3,Fundación,12,12,0,7,0,MAGDALENA,34.07,25.38,0.5318,20.65,75360.0,15.92356687898089,32.79,31.81,29.26,32.88999999999999,33.04,8.68,27.55,22.366666666666664,0.5596,0.6274,0.6981,0.5729333333333333,20.59,19.36,21.59,20.2,13.0,31.0,72.0,18.666666666666668,17.25053078556263,41.13588110403397,96.73908662179048,24.76999292285917,4.0,1
47288,2024,4,Fundación,5,5,0,2,0,MAGDALENA,33.65,99.17,0.5908,21.95,75360.0,6.634819532908705,34.07,32.79,31.81,33.50333333333333,25.38,33.04,8.68,52.529999999999994,0.5318,0.5596,0.6274,0.5607333333333333,20.65,20.59,19.36,21.063333333333333,12.0,13.0,31.0,10.0,15.92356687898089,17.25053078556263,41.13588110403397,13.269639065817413,4.0,1
47288,2024,5,Fundación,2,2,0,1,0,MAGDALENA,29.76,177.42,0.728,23.73,75360.0,2.6539278131634823,33.65,34.07,32.79,32.49333333333333,99.17,25.38,33.04,100.65666666666668,0.5908,0.5318,0.5596,0.6168666666666667,21.95,20.65,20.59,22.11,5.0,12.0,13.0,6.333333333333333,6.634819532908705,15.92356687898089,17.25053078556263,8.404104741684364,2.0,0
47288,2024,6,Fundación,2,2,0,2,0,MAGDALENA,29.1,252.55,0.6699,23.3,75360.0,2.6539278131634823,29.76,33.65,34.07,30.83666666666667,177.42,99.17,25.38,176.38,0.728,0.5908,0.5318,0.6628999999999999,23.73,21.95,20.65,22.993333333333336,2.0,5.0,12.0,3.0,2.6539278131634823,6.634819532908705,15.92356687898089,3.980891719745228,5.0,0
47288,2024,7,Fundación,6,5,1,2,0,MAGDALENA,29.07,130.59,0.7521,23.22,75360.0,7.961783439490445,29.1,29.76,33.65,29.310000000000002,252.55,177.42,99.17,186.85333333333332,0.6699,0.728,0.5908,0.7166666666666667,23.3,23.73,21.95,23.416666666666668,2.0,2.0,5.0,3.3333333333333335,2.6539278131634823,2.6539278131634823,6.634819532908705,4.423213021939142,4.0,1
47288,2024,8,Fundación,1,1,0,1,0,MAGDALENA,28.06,149.94,0.7609,22.9,75360.0,1.3269639065817411,29.07,29.1,29.76,28.74333333333333,130.59,252.55,177.42,177.69333333333336,0.7521,0.6699,0.728,0.7276333333333334,23.22,23.3,23.73,23.139999999999997,6.0,2.0,2.0,3.0,7.961783439490445,2.6539278131634823,2.6539278131634823,3.980891719745227,7.0,0
47288,2024,9,Fundación,2,2,0,0,0,MAGDALENA,29.11,146.05,0.7561,23.11,75360.0,2.6539278131634823,28.06,29.07,29.1,28.74666666666667,149.94,130.59,252.55,142.19333333333336,0.7609,0.7521,0.6699,0.7563666666666666,22.9,23.22,23.3,23.076666666666664,1.0,6.0,2.0,3.0,1.3269639065817411,7.961783439490445,2.6539278131634823,3.980891719745227,3.0,0
47288,2024,10,Fundación,3,3,0,1,0,MAGDALENA,28.39,273.06,0.7197,22.92,75360.0,3.9808917197452227,29.11,28.06,29.07,28.52,146.05,149.94,130.59,189.6833333333333,0.7561,0.7609,0.7521,0.7455666666666666,23.11,22.9,23.22,22.97666666666667,2.0,1.0,6.0,2.0,2.6539278131634823,1.3269639065817411,7.961783439490445,2.6539278131634867,9.0,0
47288,2024,11,Fundación,2,2,0,2,0,MAGDALENA,27.42,167.18,0.7515,22.1,75360.0,2.6539278131634823,28.39,29.11,28.06,28.30666666666667,273.06,146.05,149.94,195.43000000000004,0.7197,0.7561,0.7609,0.7424333333333334,22.92,23.11,22.9,22.709999999999997,3.0,2.0,1.0,2.3333333333333335,3.9808917197452227,2.6539278131634823,1.3269639065817411,3.0962491153574003,14.0,0
47288,2024,12,Fundación,1,1,0,1,0,MAGDALENA,27.95,56.8,0.7222,21.74,75360.0,1.3269639065817411,27.42,28.39,29.11,27.92,167.18,273.06,146.05,165.68,0.7515,0.7197,0.7561,0.7311333333333333,22.1,22.92,23.11,22.253333333333334,2.0,3.0,2.0,2.0,2.6539278131634823,3.9808917197452227,2.6539278131634823,2.6539278131634867,11.0,0
95025,2007,1,El Retorno,0,0,0,0,0,GUAVIARE,28.03,74.15,0.8327,22.41,10442.0,0.0,,,,28.03,,,,74.15,,,,0.8327,,,,22.41,,,,0.0,,,,0.0,,
95025,2007,2,El Retorno,0,0,0,0,0,GUAVIARE,30.58,64.47,0.8106,17.52,10442.0,0.0,28.03,,,29.305,74.15,,,69.31,0.8327,,,0.82165,22.41,,,19.965,0.0,,,0.0,0.0,,,0.0,,
95025,2007,3,El Retorno,3,3,0,0,0,GUAVIARE,29.31,247.78,0.7488,22.97,10442.0,28.73012832790653,30.58,28.03,,29.30666666666667,64.47,74.15,,128.79999999999998,0.8106,0.8327,,0.7973666666666667,17.52,22.41,,20.966666666666665,0.0,0.0,,1.0,0.0,0.0,,9.57670944263551,,
95025,2007,4,El Retorno,4,2,2,2,0,GUAVIARE,28.79,361.49,0.7183,23.19,10442.0,38.30683777054204,29.31,30.58,28.03,29.56,247.78,64.47,74.15,224.58,0.7488,0.8106,0.8327,0.7592333333333334,22.97,17.52,22.41,21.226666666666663,3.0,0.0,0.0,2.3333333333333335,28.73012832790653,0.0,0.0,22.345655366149526,,
95025,2007,5,El Retorno,2,1,1,0,0,GUAVIARE,26.66,339.71,0.5195,22.57,10442.0,19.15341888527102,28.79,29.31,30.58,28.25333333333333,361.49,247.78,64.47,316.32666666666665,0.7183,0.7488,0.8106,0.6622,23.19,22.97,17.52,22.91,4.0,3.0,0.0,3.0,38.30683777054204,28.73012832790653,0.0,28.730128327906527,,
95025,2007,6,El Retorno,1,1,0,0,0,GUAVIARE,25.65,423.12,0.3712,22.01,10442.0,9.57670944263551,26.66,28.79,29.31,27.03333333333333,339.71,361.49,247.78,374.7733333333333,0.5195,0.7183,0.7488,0.5363333333333333,22.57,23.19,22.97,22.590000000000003,2.0,4.0,3.0,2.3333333333333335,19.15341888527102,38.30683777054204,28.73012832790653,22.345655366149526,,
95025,2007,7,El Retorno,0,0,0,0,0,GUAVIARE,26.79,282.64,0.788,22.0,10442.0,0.0,25.65,26.66,28.79,26.366666666666664,423.12,339.71,361.49,348.49,0.3712,0.5195,0.7183,0.5595666666666667,22.01,22.57,23.19,22.19333333333334,1.0,2.0,4.0,1.0,9.57670944263551,19.15341888527102,38.30683777054204,9.576709442635506,,
95025,2007,8,El Retorno,0,0,0,0,0,GUAVIARE,28.26,321.75,0.805,22.32,10442.0,0.0,26.79,25.65,26.66,26.900000000000002,282.64,423.12,339.71,342.50333333333333,0.788,0.3712,0.5195,0.6547333333333334,22.0,22.01,22.57,22.11,0.0,1.0,2.0,0.3333333333333333,0.0,9.57670944263551,19.15341888527102,3.192236480878501,,
95025,2007,9,El Retorno,0,0,0,0,0,GUAVIARE,28.77,250.93,0.8146,22.61,10442.0,0.0,28.26,26.79,25.65,27.939999999999998,321.75,282.64,423.12,285.1066666666667,0.805,0.788,0.3712,0.8025333333333333,22.32,22.0,22.01,22.310000000000002,0.0,0.0,1.0,0.0,0.0,0.0,9.57670944263551,0.0,,
95025,2007,10,El Retorno,0,0,0,0,0,GUAVIARE,28.76,253.78,0.7048,22.99,10442.0,0.0,28.77,28.26,26.79,28.596666666666668,250.93,321.75,282.64,275.4866666666667,0.8146,0.805,0.788,0.7748,22.61,22.32,22.0,22.64,0.0,0.0,0.0,0.0,0.0,0.0,0.0,0.0,,
95025,2007,11,El Retorno,0,0,0,0,0,GUAVIARE,27.65,196.57,0.7581,22.74,10442.0,0.0,28.76,28.77,28.26,28.39333333333333,253.78,250.93,321.75,233.76,0.7048,0.8146,0.805,0.7591666666666667,22.99,22.61,22.32,22.78,0.0,0.0,0.0,0.0,0.0,0.0,0.0,0.0,,
95025,2007,12,El Retorno,0,0,0,0,0,GUAVIARE,27.31,210.73,0.8306,21.87,10442.0,0.0,27.65,28.76,28.77,27.906666666666666,196.57,253.78,250.93,220.35999999999999,0.7581,0.7048,0.8146,0.7645,22.74,22.99,22.61,22.53333333333333,0.0,0.0,0.0,0.0,0.0,0.0,0.0,0.0,,
95025,2008,1,El Retorno,0,0,0,0,0,GUAVIARE,27.8,71.63,0.8423,20.99,10594.0,0.0,27.31,27.65,28.76,27.586666666666662,210.73,196.57,253.78,159.64333333333335,0.8306,0.7581,0.7048,0.8103333333333333,21.87,22.74,22.99,21.866666666666664,0.0,0.0,0.0,0.0,0.0,0.0,0.0,0.0,,
95025,2008,2,El Retorno,0,0,0,0,0,GUAVIARE,29.57,113.6,0.8265,21.17,10594.0,0.0,27.8,27.31,27.65,28.22666666666667,71.63,210.73,196.57,131.98666666666668,0.8423,0.8306,0.7581,0.8331333333333334,20.99,21.87,22.74,21.343333333333334,0.0,0.0,0.0,0.0,0.0,0.0,0.0,0.0,,
95025,2008,3,El Retorno,0,0,0,0,0,GUAVIARE,29.42,147.99,0.8039,22.37,10594.0,0.0,29.57,27.8,27.31,28.930000000000003,113.6,71.63,210.73,111.07333333333334,0.8265,0.8423,0.8306,0.8242333333333334,21.17,20.99,21.87,21.51,0.0,0.0,0.0,0.0,0.0,0.0,0.0,0.0,,
95025,2008,4,El Retorno,0,0,0,0,0,GUAVIARE,28.63,271.46,0.7646,22.52,10594.0,0.0,29.42,29.57,27.8,29.206666666666667,147.99,113.6,71.63,177.6833333333333,0.8039,0.8265,0.8423,0.7983333333333332,22.37,21.17,20.99,22.02,0.0,0.0,0.0,0.0,0.0,0.0,0.0,0.0,,
95025,2008,5,El Retorno,0,0,0,0,0,GUAVIARE,26.36,367.57,0.5267,22.29,10594.0,0.0,28.63,29.42,29.57,28.136666666666667,271.46,147.99,113.6,262.34,0.7646,0.8039,0.8265,0.6984,22.52,22.37,21.17,22.393333333333334,0.0,0.0,0.0,0.0,0.0,0.0,0.0,0.0,,
95025,2008,6,El Retorno,0,0,0,0,0,GUAVIARE,25.47,394.47,0.4536,22.09,10594.0,0.0,26.36,28.63,29.42,26.819999999999997,367.57,271.46,147.99,344.5,0.5267,0.7646,0.8039,0.5816333333333333,22.29,22.52,22.37,22.299999999999997,0.0,0.0,0.0,0.0,0.0,0.0,0.0,0.0,,
95025,2008,7,El Retorno,0,0,0,0,0,GUAVIARE,26.85,396.17,0.781,21.91,10594.0,0.0,25.47,26.36,28.63,26.22666666666667,394.47,367.57,271.46,386.07,0.4536,0.5267,0.7646,0.5871,22.09,22.29,22.52,22.096666666666664,0.0,0.0,0.0,0.0,0.0,0.0,0.0,0.0,,
95025,2008,8,El Retorno,0,0,0,0,0,GUAVIARE,27.67,298.06,0.8163,22.64,10594.0,0.0,26.85,25.47,26.36,26.663333333333338,396.17,394.47,367.57,362.90000000000003,0.781,0.4536,0.5267,0.6836333333333333,21.91,22.09,22.29,22.213333333333335,0.0,0.0,0.0,0.0,0.0,0.0,0.0,0.0,,
95025,2008,9,El Retorno,0,0,0,0,0,GUAVIARE,28.6,250.95,0.7945,22.84,10594.0,0.0,27.67,26.85,25.47,27.706666666666667,298.06,396.17,394.47,315.06,0.8163,0.781,0.4536,0.7972666666666667,22.64,21.91,22.09,22.463333333333335,0.0,0.0,0.0,0.0,0.0,0.0,0.0,0.0,,
95025,2008,10,El Retorno,0,0,0,0,0,GUAVIARE,28.7,313.77,0.8168,22.99,10594.0,0.0,28.6,27.67,26.85,28.323333333333334,250.95,298.06,396.17,287.5933333333333,0.7945,0.8163,0.781,0.8092,22.84,22.64,21.91,22.823333333333334,0.0,0.0,0.0,0.0,0.0,0.0,0.0,0.0,,
95025,2008,11,El Retorno,0,0,0,0,0,GUAVIARE,28.48,235.3,0.6119,23.13,10594.0,0.0,28.7,28.6,27.67,28.593333333333334,313.77,250.95,298.06,266.67333333333335,0.8168,0.7945,0.8163,0.7410666666666667,22.99,22.84,22.64,22.986666666666665,0.0,0.0,0.0,0.0,0.0,0.0,0.0,0.0,,
95025,2008,12,El Retorno,0,0,0,0,0,GUAVIARE,28.18,93.62,0.8327,21.81,10594.0,0.0,28.48,28.7,28.6,28.453333333333333,235.3,313.77,250.95,214.23000000000002,0.6119,0.8168,0.7945,0.7538,23.13,22.99,22.84,22.64333333333333,0.0,0.0,0.0,0.0,0.0,0.0,0.0,0.0,,
95025,2009,1,El Retorno,0,0,0,0,0,GUAVIARE,28.18,199.0,0.7752,22.3,10773.0,0.0,28.18,28.48,28.7,28.28,93.62,235.3,313.77,175.97333333333336,0.8327,0.6119,0.8168,0.7399333333333332,21.81,23.13,22.99,22.41333333333333,0.0,0.0,0.0,0.0,0.0,0.0,0.0,0.0,2.0,0
95025,2009,2,El Retorno,0,0,0,0,0,GUAVIARE,29.24,114.44,0.8027,22.16,10773.0,0.0,28.18,28.18,28.48,28.53333333333333,199.0,93.62,235.3,135.68666666666667,0.7752,0.8327,0.6119,0.8035333333333333,22.3,21.81,23.13,22.090000000000003,0.0,0.0,0.0,0.0,0.0,0.0,0.0,0.0,2.0,0
95025,2009,3,El Retorno,0,0,0,0,0,GUAVIARE,29.57,275.8,0.7975,22.66,10773.0,0.0,29.24,28.18,28.18,28.996666666666666,114.44,199.0,93.62,196.41333333333333,0.8027,0.7752,0.8327,0.7918,22.16,22.3,21.81,22.373333333333335,0.0,0.0,0.0,0.0,0.0,0.0,0.0,0.0,2.25,0
95025,2009,4,El Retorno,0,0,0,0,0,GUAVIARE,27.52,276.86,0.6277,22.96,10773.0,0.0,29.57,29.24,28.18,28.776666666666667,275.8,114.44,199.0,222.36666666666667,0.7975,0.8027,0.7752,0.7426333333333334,22.66,22.16,22.3,22.593333333333334,0.0,0.0,0.0,0.0,0.0,0.0,0.0,0.0,3.0,0
95025,2009,5,El Retorno,0,0,0,0,0,GUAVIARE,27.56,354.67,0.7755,22.76,10773.0,0.0,27.52,29.57,29.24,28.21666666666667,276.86,275.8,114.44,302.4433333333334,0.6277,0.7975,0.8027,0.7335666666666666,22.96,22.66,22.16,22.793333333333333,0.0,0.0,0.0,0.0,0.0,0.0,0.0,0.0,2.0,0
95025,2009,6,El Retorno,1,1,0,0,0,GUAVIARE,26.39,408.18,0.6909,22.28,10773.0,9.2824654228163,27.56,27.52,29.57,27.156666666666666,354.67,276.86,275.8,346.57,0.7755,0.6277,0.7975,0.6980333333333334,22.76,22.96,22.66,22.666666666666668,0.0,0.0,0.0,0.3333333333333333,0.0,0.0,0.0,3.094155140938764,2.0,0
95025,2009,7,El Retorno,0,0,0,0,0,GUAVIARE,26.48,307.97,0.7082,22.23,10773.0,0.0,26.39,27.56,27.52,26.810000000000002,408.18,354.67,276.86,356.94000000000005,0.6909,0.7755,0.6277,0.7248666666666667,22.28,22.76,22.96,22.423333333333332,1.0,0.0,0.0,0.3333333333333333,9.2824654228163,0.0,0.0,3.094155140938764,2.0,0
95025,2009,8,El Retorno,0,0,0,0,0,GUAVIARE,27.6,355.45,0.8105,22.73,10773.0,0.0,26.48,26.39,27.56,26.823333333333334,307.97,408.18,354.67,357.2,0.7082,0.6909,0.7755,0.7365333333333334,22.23,22.28,22.76,22.413333333333338,0.0,1.0,0.0,0.3333333333333333,0.0,9.2824654228163,0.0,3.094155140938764,2.0,0
95025,2009,9,El Retorno,0,0,0,0,0,GUAVIARE,28.7,238.51,0.8119,23.09,10773.0,0.0,27.6,26.48,26.39,27.593333333333334,355.45,307.97,408.18,300.6433333333334,0.8105,0.7082,0.6909,0.7768666666666667,22.73,22.23,22.28,22.683333333333334,0.0,0.0,1.0,0.0,0.0,0.0,9.2824654228163,0.0,2.0,0
95025,2009,10,El Retorno,0,0,0,0,0,GUAVIARE,28.86,229.84,0.8118,23.22,10773.0,0.0,28.7,27.6,26.48,28.386666666666667,238.51,355.45,307.97,274.59999999999997,0.8119,0.8105,0.7082,0.8113999999999999,23.09,22.73,22.23,23.013333333333332,0.0,0.0,0.0,0.0,0.0,0.0,0.0,0.0,2.0,0
95025,2009,11,El Retorno,0,0,0,0,0,GUAVIARE,28.93,200.18,0.8318,23.58,10773.0,0.0,28.86,28.7,27.6,28.83,229.84,238.51,355.45,222.84333333333333,0.8118,0.8119,0.8105,0.8184999999999999,23.22,23.09,22.73,23.296666666666667,0.0,0.0,0.0,0.0,0.0,0.0,0.0,0.0,2.0,0
95025,2009,12,El Retorno,0,0,0,0,0,GUAVIARE,27.87,136.55,0.8282,22.5,10773.0,0.0,28.93,28.86,28.7,28.55333333333333,200.18,229.84,238.51,188.85666666666668,0.8318,0.8118,0.8119,0.8239333333333333,23.58,23.22,23.09,23.099999999999998,0.0,0.0,0.0,0.0,0.0,0.0,0.0,0.0,2.0,0
95025,2010,1,El Retorno,2,1,1,0,0,GUAVIARE,29.94,35.34,0.8363,21.07,10996.0,18.188432157148053,27.87,28.93,28.86,28.91333333333333,136.55,200.18,229.84,124.02333333333333,0.8282,0.8318,0.8118,0.8321000000000001,22.5,23.58,23.22,22.38333333333333,0.0,0.0,0.0,0.6666666666666666,0.0,0.0,0.0,6.062810719049349,2.0,0
95025,2010,2,El Retorno,7,6,1,4,0,GUAVIARE,29.93,149.87,0.796,23.64,10996.0,63.659512550018185,29.94,27.87,28.93,29.24666666666667,35.34,136.55,200.18,107.25333333333333,0.8363,0.8282,0.8318,0.8201666666666667,21.07,22.5,23.58,22.403333333333332,2.0,0.0,0.0,3.0,18.188432157148053,0.0,0.0,27.28264823572208,2.0,1
95025,2010,3,El Retorno,2,2,0,1,0,GUAVIARE,29.89,264.7,0.7926,23.81,10996.0,18.188432157148053,29.93,29.94,27.87,29.92,149.87,35.34,136.55,149.97,0.796,0.8363,0.8282,0.8083,23.64,21.07,22.5,22.84,7.0,2.0,0.0,3.6666666666666665,63.659512550018185,18.188432157148053,0.0,33.34545895477142,2.0,0
95025,2010,4,El Retorno,2,2,0,0,0,GUAVIARE,28.0,365.13,0.7042,23.61,10996.0,18.188432157148053,29.89,29.93,29.94,29.273333333333337,264.7,149.87,35.34,259.90000000000003,0.7926,0.796,0.8363,0.7642666666666665,23.81,23.64,21.07,23.686666666666667,2.0,7.0,2.0,3.6666666666666665,18.188432157148053,63.659512550018185,18.188432157148053,33.34545895477142,2.0,0
95025,2010,5,El Retorno,4,4,0,0,0,GUAVIARE,27.96,347.1,0.6138,23.07,10996.0,36.37686431429611,28.0,29.89,29.93,28.616666666666664,365.13,264.7,149.87,325.6433333333334,0.7042,0.7926,0.796,0.7035333333333335,23.61,23.81,23.64,23.49666666666667,2.0,2.0,7.0,2.6666666666666665,18.188432157148053,18.188432157148053,63.659512550018185,24.2512428761974,2.0,1
95025,2010,6,El Retorno,1,1,0,0,0,GUAVIARE,25.98,342.62,0.4713,22.68,10996.0,9.094216078574027,27.96,28.0,29.89,27.313333333333333,347.1,365.13,264.7,351.6166666666666,0.6138,0.7042,0.7926,0.5964333333333333,23.07,23.61,23.81,23.12,4.0,2.0,2.0,2.3333333333333335,36.37686431429611,18.188432157148053,18.188432157148053,21.219837516672726,2.0,0
95025,2010,7,El Retorno,0,0,0,0,0,GUAVIARE,27.97,375.72,0.7402,22.09,10996.0,0.0,25.98,27.96,28.0,27.30333333333333,342.62,347.1,365.13,355.1466666666667,0.4713,0.6138,0.7042,0.6084333333333333,22.68,23.07,23.61,22.613333333333333,1.0,4.0,2.0,1.6666666666666667,9.094216078574027,36.37686431429611,18.188432157148053,15.157026797623375,2.0,0
95025,2010,8,El Retorno,1,1,0,1,0,GUAVIARE,27.18,236.18,0.7931,22.37,10996.0,9.094216078574027,27.97,25.98,27.96,27.043333333333333,375.72,342.62,347.1,318.17333333333335,0.7402,0.4713,0.6138,0.6682,22.09,22.68,23.07,22.38,0.0,1.0,4.0,0.6666666666666666,0.0,9.094216078574027,36.37686431429611,6.062810719049349,2.0,0
95025,2010,9,El Retorno,0,0,0,0,0,GUAVIARE,29.56,223.44,0.8022,23.12,10996.0,0.0,27.18,27.97,25.98,28.236666666666665,236.18,375.72,342.62,278.44666666666666,0.7931,0.7402,0.4713,0.7785000000000001,22.37,22.09,22.68,22.526666666666667,1.0,0.0,1.0,0.3333333333333333,9.094216078574027,0.0,9.094216078574027,3.031405359524673,2.0,0
95025,2010,10,El Retorno,0,0,0,0,0,GUAVIARE,28.91,222.84,0.818,23.19,10996.0,0.0,29.56,27.18,27.97,28.55,223.44,236.18,375.72,227.48666666666668,0.8022,0.7931,0.7402,0.8044333333333333,23.12,22.37,22.09,22.893333333333334,0.0,1.0,0.0,0.3333333333333333,0.0,9.094216078574027,0.0,3.031405359524673,2.0,0
95025,2010,11,El Retorno,0,0,0,0,0,GUAVIARE,26.69,226.35,0.606,22.92,10996.0,0.0,28.91,29.56,27.18,28.386666666666667,222.84,223.44,236.18,224.21,0.818,0.8022,0.7931,0.7420666666666667,23.19,23.12,22.37,23.076666666666668,0.0,0.0,1.0,0.0,0.0,0.0,9.094216078574027,0.0,2.0,0
95025,2010,12,El Retorno,1,1,0,1,0,GUAVIARE,28.45,169.89,0.8115,22.53,10996.0,9.094216078574027,26.69,28.91,29.56,28.016666666666666,226.35,222.84,223.44,206.35999999999999,0.606,0.818,0.8022,0.7451666666666666,22.92,23.19,23.12,22.88,0.0,0.0,0.0,0.3333333333333333,0.0,0.0,0.0,3.031405359524673,2.0,0
95025,2011,1,El Retorno,0,0,0,0,0,GUAVIARE,27.98,81.48,0.8327,20.87,11189.0,0.0,28.45,26.69,28.91,27.706666666666667,169.89,226.35,222.84,159.23999999999998,0.8115,0.606,0.818,0.7500666666666667,22.53,22.92,23.19,22.10666666666667,1.0,0.0,0.0,0.3333333333333333,9.094216078574027,0.0,0.0,3.031405359524673,2.0,0
95025,2011,2,El Retorno,0,0,0,0,0,GUAVIARE,28.78,142.76,0.7704,21.48,11189.0,0.0,27.98,28.45,26.69,28.403333333333336,81.48,169.89,226.35,131.37666666666667,0.8327,0.8115,0.606,0.8048666666666667,20.87,22.53,22.92,21.626666666666665,0.0,1.0,0.0,0.3333333333333333,0.0,9.094216078574027,0.0,3.031405359524673,2.0,0
95025,2011,3,El Retorno,3,3,0,0,0,GUAVIARE,28.59,211.31,0.7713,22.12,11189.0,26.81204754669765,28.78,27.98,28.45,28.45,142.76,81.48,169.89,145.18333333333334,0.7704,0.8327,0.8115,0.7914666666666667,21.48,20.87,22.53,21.49,0.0,0.0,1.0,1.0,0.0,0.0,9.094216078574027,8.937349182232547,2.25,1
95025,2011,4,El Retorno,1,1,0,0,0,GUAVIARE,27.93,307.25,0.5821,22.77,11189.0,8.93734918223255,28.59,28.78,27.98,28.433333333333334,211.31,142.76,81.48,220.43999999999997,0.7713,0.7704,0.8327,0.7079333333333334,22.12,21.48,20.87,22.123333333333335,3.0,0.0,0.0,1.3333333333333333,26.81204754669765,0.0,0.0,11.916465576310065,2.5,0
95025,2011,5,El Retorno,0,0,0,0,0,GUAVIARE,25.98,466.96,0.6144,22.56,11189.0,0.0,27.93,28.59,28.78,27.5,307.25,211.31,142.76,328.50666666666666,0.5821,0.7713,0.7704,0.6559333333333334,22.77,22.12,21.48,22.483333333333334,1.0,3.0,0.0,1.3333333333333333,8.93734918223255,26.81204754669765,0.0,11.916465576310065,2.5,0
95025,2011,6,El Retorno,2,2,0,2,0,GUAVIARE,26.73,432.97,0.7191,22.39,11189.0,17.8746983644651,25.98,27.93,28.59,26.88,466.96,307.25,211.31,402.3933333333334,0.6144,0.5821,0.7713,0.6385333333333333,22.56,22.77,22.12,22.573333333333334,0.0,1.0,3.0,1.0,0.0,8.93734918223255,26.81204754669765,8.937349182232547,2.0,0
95025,2011,7,El Retorno,1,1,0,0,0,GUAVIARE,26.97,337.61,0.7853,22.2,11189.0,8.93734918223255,26.73,25.98,27.93,26.560000000000002,432.97,466.96,307.25,412.5133333333333,0.7191,0.6144,0.5821,0.7062666666666666,22.39,22.56,22.77,22.383333333333336,2.0,0.0,1.0,1.0,17.8746983644651,0.0,8.93734918223255,8.937349182232547,2.0,0
95025,2011,8,El Retorno,2,2,0,0,0,GUAVIARE,28.15,256.8,0.8057,22.37,11189.0,17.8746983644651,26.97,26.73,25.98,27.28333333333333,337.61,432.97,466.96,342.46000000000004,0.7853,0.7191,0.6144,0.7700333333333335,22.2,22.39,22.56,22.319999999999997,1.0,2.0,0.0,1.6666666666666667,8.93734918223255,17.8746983644651,0.0,14.89558197038758,2.0,0
95025,2011,9,El Retorno,0,0,0,0,0,GUAVIARE,28.81,307.57,0.7699,22.76,11189.0,0.0,28.15,26.97,26.73,27.976666666666663,256.8,337.61,432.97,300.66,0.8057,0.7853,0.7191,0.7869666666666667,22.37,22.2,22.39,22.44333333333333,2.0,1.0,2.0,1.0,17.8746983644651,8.93734918223255,17.8746983644651,8.937349182232547,2.0,0
95025,2011,10,El Retorno,0,0,0,0,0,GUAVIARE,28.39,263.63,0.7863,22.99,11189.0,0.0,28.81,28.15,26.97,28.45,307.57,256.8,337.61,276.0,0.7699,0.8057,0.7853,0.7873000000000001,22.76,22.37,22.2,22.706666666666667,0.0,2.0,1.0,0.6666666666666666,0.0,17.8746983644651,8.93734918223255,5.95823278815503,2.0,0
95025,2011,11,El Retorno,1,1,0,0,0,GUAVIARE,28.19,274.89,0.7384,23.07,11189.0,8.93734918223255,28.39,28.81,28.15,28.463333333333335,263.63,307.57,256.8,282.03000000000003,0.7863,0.7699,0.8057,0.7648666666666667,22.99,22.76,22.37,22.939999999999998,0.0,0.0,2.0,0.3333333333333333,0.0,0.0,17.8746983644651,2.9791163940775145,2.0,0
95025,2011,12,El Retorno,0,0,0,0,0,GUAVIARE,26.72,277.76,0.7767,22.72,11189.0,0.0,28.19,28.39,28.81,27.766666666666666,274.89,263.63,307.57,272.0933333333333,0.7384,0.7863,0.7699,0.7671333333333333,23.07,22.99,22.76,22.926666666666666,1.0,0.0,0.0,0.3333333333333333,8.93734918223255,0.0,0.0,2.9791163940775145,2.0,0
95025,2012,1,El Retorno,1,1,0,1,0,GUAVIARE,27.46,67.95,0.8142,21.64,11463.0,8.723719794120212,26.72,28.19,28.39,27.456666666666667,277.76,274.89,263.63,206.86666666666667,0.7767,0.7384,0.7863,0.7764333333333333,22.72,23.07,22.99,22.47666666666667,0.0,1.0,0.0,0.6666666666666666,0.0,8.93734918223255,0.0,5.887022992117585,2.0,0
95025,2012,2,El Retorno,0,0,0,0,0,GUAVIARE,28.71,138.57,0.8064,21.4,11463.0,0.0,27.46,26.72,28.19,27.63,67.95,277.76,274.89,161.42666666666665,0.8142,0.7767,0.7384,0.7991,21.64,22.72,23.07,21.919999999999998,1.0,0.0,1.0,0.3333333333333333,8.723719794120212,0.0,8.93734918223255,2.9079065980400682,2.0,0
95025,2012,3,El Retorno,0,0,0,0,0,GUAVIARE,27.44,359.9,0.5421,22.62,11463.0,0.0,28.71,27.46,26.72,27.87,138.57,67.95,277.76,188.80666666666664,0.8064,0.8142,0.7767,0.7209,21.4,21.64,22.72,21.886666666666667,0.0,1.0,0.0,0.3333333333333333,0.0,8.723719794120212,0.0,2.9079065980400682,3.0,0
95025,2012,4,El Retorno,2,1,1,1,0,GUAVIARE,28.63,361.71,0.7108,22.9,11463.0,17.447439588240425,27.44,28.71,27.46,28.26,359.9,138.57,67.95,286.72666666666663,0.5421,0.8064,0.8142,0.6864333333333333,22.62,21.4,21.64,22.30666666666666,0.0,0.0,1.0,0.6666666666666666,0.0,0.0,8.723719794120212,5.815813196080139,2.0,0
95025,2012,5,El Retorno,0,0,0,0,0,GUAVIARE,27.28,348.4,0.7438,22.56,11463.0,0.0,28.63,27.44,28.71,27.78333333333333,361.71,359.9,138.57,356.6699999999999,0.7108,0.5421,0.8064,0.6655666666666668,22.9,22.62,21.4,22.69333333333333,2.0,0.0,0.0,0.6666666666666666,17.447439588240425,0.0,0.0,5.815813196080139,2.0,0
95025,2012,6,El Retorno,4,4,0,1,0,GUAVIARE,26.0,334.28,0.6423,22.07,11463.0,34.89487917648085,27.28,28.63,27.44,27.30333333333333,348.4,361.71,359.9,348.12999999999994,0.7438,0.7108,0.5421,0.6989666666666666,22.56,22.9,22.62,22.51,0.0,2.0,0.0,2.0,0.0,17.447439588240425,0.0,17.447439588240425,2.0,1
95025,2012,7,El Retorno,0,0,0,0,0,GUAVIARE,26.49,398.33,0.7017,21.82,11463.0,0.0,26.0,27.28,28.63,26.59,334.28,348.4,361.71,360.33666666666664,0.6423,0.7438,0.7108,0.6959333333333334,22.07,22.56,22.9,22.150000000000002,4.0,0.0,2.0,1.3333333333333333,34.89487917648085,0.0,17.447439588240425,11.631626392160278,2.0,0
95025,2012,8,El Retorno,0,0,0,0,0,GUAVIARE,28.83,340.94,0.8243,22.06,11463.0,0.0,26.49,26.0,27.28,27.106666666666666,398.33,334.28,348.4,357.84999999999997,0.7017,0.6423,0.7438,0.7227666666666667,21.82,22.07,22.56,21.98333333333333,0.0,4.0,0.0,1.3333333333333333,0.0,34.89487917648085,0.0,11.63162639216028,2.0,0
95025,2012,9,El Retorno,0,0,0,0,0,GUAVIARE,29.06,205.76,0.802,22.62,11463.0,0.0,28.83,26.49,26.0,28.126666666666665,340.94,398.33,334.28,315.01,0.8243,0.7017,0.6423,0.7760000000000001,22.06,21.82,22.07,22.166666666666668,0.0,0.0,4.0,0.0,0.0,0.0,34.89487917648085,0.0,2.0,0
95025,2012,10,El Retorno,0,0,0,0,0,GUAVIARE,29.83,293.46,0.8028,23.12,11463.0,0.0,29.06,28.83,26.49,29.24,205.76,340.94,398.33,280.05333333333334,0.802,0.8243,0.7017,0.8097,22.62,22.06,21.82,22.599999999999998,0.0,0.0,0.0,0.0,0.0,0.0,0.0,0.0,2.0,0
95025,2012,11,El Retorno,0,0,0,0,0,GUAVIARE,27.73,216.18,0.7142,23.21,11463.0,0.0,29.83,29.06,28.83,28.873333333333335,293.46,205.76,340.94,238.46666666666667,0.8028,0.802,0.8243,0.773,23.12,22.62,22.06,22.983333333333334,0.0,0.0,0.0,0.0,0.0,0.0,0.0,0.0,2.0,0
95025,2012,12,El Retorno,1,1,0,1,0,GUAVIARE,28.15,160.7,0.8368,22.54,11463.0,8.723719794120212,27.73,29.83,29.06,28.569999999999997,216.18,293.46,205.76,223.44666666666663,0.7142,0.8028,0.802,0.7845999999999999,23.21,23.12,22.62,22.956666666666667,0.0,0.0,0.0,0.3333333333333333,0.0,0.0,0.0,2.907906598040066,2.0,0
95025,2013,1,El Retorno,2,2,0,0,0,GUAVIARE,29.59,40.71,0.8333,21.38,11708.0,17.08233686368295,28.15,27.73,29.83,28.49,160.7,216.18,293.46,139.19666666666666,0.8368,0.7142,0.8028,0.7947666666666667,22.54,23.21,23.12,22.376666666666665,1.0,0.0,0.0,1.0,8.723719794120212,0.0,0.0,8.602018885934383,2.0,0
95025,2013,2,El Retorno,0,0,0,0,0,GUAVIARE,30.11,157.4,0.7309,22.27,11708.0,0.0,29.59,28.15,27.73,29.28333333333333,40.71,160.7,216.18,119.60333333333334,0.8333,0.8368,0.7142,0.8003333333333332,21.38,22.54,23.21,22.063333333333333,2.0,1.0,0.0,1.0,17.08233686368295,8.723719794120212,0.0,8.602018885934383,2.0,0
95025,2013,3,El Retorno,1,1,0,0,0,GUAVIARE,29.4,310.76,0.8041,23.26,11708.0,8.541168431841475,30.11,29.59,28.15,29.7,157.4,40.71,160.7,169.62333333333333,0.7309,0.8333,0.8368,0.7894333333333333,22.27,21.38,22.54,22.30333333333333,0.0,2.0,1.0,1.0,0.0,17.08233686368295,8.723719794120212,8.541168431841472,2.75,0
95025,2013,4,El Retorno,3,3,0,2,0,GUAVIARE,29.22,382.45,0.76,22.83,11708.0,25.62350529552443,29.4,30.11,29.59,29.576666666666664,310.76,157.4,40.71,283.5366666666667,0.8041,0.7309,0.8333,0.765,23.26,22.27,21.38,22.786666666666665,1.0,0.0,2.0,1.3333333333333333,8.541168431841475,0.0,17.08233686368295,11.388224575788632,2.0,1
95025,2013,5,El Retorno,4,4,0,2,0,GUAVIARE,27.54,443.07,0.7429,22.94,11708.0,34.1646737273659,29.22,29.4,30.11,28.72,382.45,310.76,157.4,378.76,0.76,0.8041,0.7309,0.769,22.83,23.26,22.27,23.01,3.0,1.0,0.0,2.6666666666666665,25.62350529552443,8.541168431841475,0.0,22.776449151577264,2.0,1
95025,2013,6,El Retorno,2,2,0,0,0,GUAVIARE,26.01,337.14,0.6427,22.5,11708.0,17.08233686368295,27.54,29.22,29.4,27.59,443.07,382.45,310.76,387.55333333333334,0.7429,0.76,0.8041,0.7152,22.94,22.83,23.26,22.756666666666664,4.0,3.0,1.0,3.0,34.1646737273659,25.62350529552443,8.541168431841475,25.623505295524424,2.0,0
95025,2013,7,El Retorno,0,0,0,0,0,GUAVIARE,25.21,383.07,0.6198,21.7,11708.0,0.0,26.01,27.54,29.22,26.253333333333334,337.14,443.07,382.45,387.76,0.6427,0.7429,0.76,0.6684666666666667,22.5,22.94,22.83,22.38,2.0,4.0,3.0,2.0,17.08233686368295,34.1646737273659,25.62350529552443,17.082336863682944,2.0,0
95025,2013,8,El Retorno,3,3,0,3,0,GUAVIARE,28.89,367.55,0.7275,22.12,11708.0,25.62350529552443,25.21,26.01,27.54,26.703333333333333,383.07,337.14,443.07,362.58666666666664,0.6198,0.6427,0.7429,0.6633333333333333,21.7,22.5,22.94,22.106666666666666,0.0,2.0,4.0,1.6666666666666667,0.0,17.08233686368295,34.1646737273659,14.235280719735789,2.0,1
95025,2013,9,El Retorno,3,3,0,0,0,GUAVIARE,28.69,294.93,0.7699,22.71,11708.0,25.62350529552443,28.89,25.21,26.01,27.596666666666664,367.55,383.07,337.14,348.51666666666665,0.7275,0.6198,0.6427,0.7057333333333334,22.12,21.7,22.5,22.176666666666666,3.0,0.0,2.0,2.0,25.62350529552443,0.0,17.08233686368295,17.08233686368295,2.0,1
95025,2013,10,El Retorno,2,2,0,1,0,GUAVIARE,28.37,301.56,0.7744,22.97,11708.0,17.08233686368295,28.69,28.89,25.21,28.650000000000002,294.93,367.55,383.07,321.34666666666664,0.7699,0.7275,0.6198,0.7572666666666666,22.71,22.12,21.7,22.599999999999998,3.0,3.0,0.0,2.6666666666666665,25.62350529552443,25.62350529552443,0.0,22.776449151577268,2.0,0
95025,2013,11,El Retorno,1,1,0,0,0,GUAVIARE,27.47,207.99,0.6683,22.74,11708.0,8.541168431841475,28.37,28.69,28.89,28.176666666666666,301.56,294.93,367.55,268.16,0.7744,0.7699,0.7275,0.7375333333333334,22.97,22.71,22.12,22.80666666666667,2.0,3.0,3.0,2.0,17.08233686368295,25.62350529552443,25.62350529552443,17.082336863682947,2.0,0
95025,2013,12,El Retorno,0,0,0,0,0,GUAVIARE,27.77,184.68,0.8431,21.88,11708.0,0.0,27.47,28.37,28.69,27.87,207.99,301.56,294.93,231.41,0.6683,0.7744,0.7699,0.7619333333333334,22.74,22.97,22.71,22.53,1.0,2.0,3.0,1.0,8.541168431841475,17.08233686368295,25.62350529552443,8.54116843184147,2.0,0
95025,2014,1,El Retorno,2,2,0,2,0,GUAVIARE,28.43,73.64,0.8223,21.21,11978.0,16.69727834362999,27.77,27.47,28.37,27.889999999999997,184.68,207.99,301.56,155.43666666666667,0.8431,0.6683,0.7744,0.7778999999999999,21.88,22.74,22.97,21.94333333333333,0.0,1.0,2.0,1.0,0.0,8.541168431841475,17.08233686368295,8.412815591823817,2.0,0
95025,2014,2,El Retorno,11,11,0,1,0,GUAVIARE,29.76,121.23,0.7173,21.6,11978.0,91.83503088996493,28.43,27.77,27.47,28.653333333333332,73.64,184.68,207.99,126.51666666666667,0.8223,0.8431,0.6683,0.7942333333333335,21.21,21.88,22.74,21.563333333333333,2.0,0.0,1.0,4.333333333333333,16.69727834362999,0.0,8.541168431841475,36.1774364111983,2.0,1
95025,2014,3,El Retorno,94,91,3,0,0,GUAVIARE,29.82,261.36,0.764,22.64,11978.0,784.7720821506094,29.76,28.43,27.77,29.33666666666667,121.23,73.64,184.68,152.07666666666668,0.7173,0.8223,0.8431,0.7678666666666666,21.6,21.21,21.88,21.816666666666666,11.0,2.0,0.0,35.666666666666664,91.83503088996493,16.69727834362999,0.0,297.7681304614014,2.5,1
95025,2014,4,El Retorno,45,41,4,0,0,GUAVIARE,28.49,370.04,0.7761,23.07,11978.0,375.6887627316748,29.82,29.76,28.43,29.356666666666666,261.36,121.23,73.64,250.8766666666667,0.764,0.7173,0.8223,0.7524666666666667,22.64,21.6,21.21,22.436666666666667,94.0,11.0,2.0,50.0,784.7720821506094,91.83503088996493,16.69727834362999,417.43195859074973,2.5,1
95025,2014,5,El Retorno,16,16,0,1,0,GUAVIARE,27.21,410.86,0.6091,22.98,11978.0,133.5782267490399,28.49,29.82,29.76,28.506666666666664,370.04,261.36,121.23,347.42,0.7761,0.764,0.7173,0.7164,23.07,22.64,21.6,22.896666666666665,45.0,94.0,11.0,51.666666666666664,375.6887627316748,784.7720821506094,91.83503088996493,431.34635721044134,3.0,1
95025,2014,6,El Retorno,4,4,0,0,0,GUAVIARE,25.68,418.29,0.5998,22.37,11978.0,33.39455668725998,27.21,28.49,29.82,27.126666666666665,410.86,370.04,261.36,399.73,0.6091,0.7761,0.764,0.6616666666666667,22.98,23.07,22.64,22.80666666666667,16.0,45.0,94.0,21.666666666666668,133.5782267490399,375.6887627316748,784.7720821506094,180.88718205599153,2.0,1
95025,2014,7,El Retorno,0,0,0,0,0,GUAVIARE,26.24,340.5,0.7663,22.03,11978.0,0.0,25.68,27.21,28.49,26.376666666666665,418.29,410.86,370.04,389.8833333333334,0.5998,0.6091,0.7761,0.6584,22.37,22.98,23.07,22.459999999999997,4.0,16.0,45.0,6.666666666666667,33.39455668725998,133.5782267490399,375.6887627316748,55.65759447876663,2.0,0
95025,2014,8,El Retorno,5,5,0,0,0,GUAVIARE,27.77,348.04,0.6537,22.26,11978.0,41.74319585907497,26.24,25.68,27.21,26.563333333333333,340.5,418.29,410.86,368.9433333333333,0.7663,0.5998,0.6091,0.6732666666666667,22.03,22.37,22.98,22.22,0.0,4.0,16.0,3.0,0.0,33.39455668725998,133.5782267490399,25.045917515444984,2.0,1
95025,2014,9,El Retorno,0,0,0,0,0,GUAVIARE,28.34,239.39,0.793,22.97,11978.0,0.0,27.77,26.24,25.68,27.45,348.04,340.5,418.29,309.31,0.6537,0.7663,0.5998,0.7376666666666667,22.26,22.03,22.37,22.42,5.0,0.0,4.0,1.6666666666666667,41.74319585907497,0.0,33.39455668725998,13.914398619691658,2.0,0
95025,2014,10,El Retorno,1,1,0,0,0,GUAVIARE,29.34,318.48,0.8053,22.97,11978.0,8.348639171814995,28.34,27.77,26.24,28.483333333333334,239.39,348.04,340.5,301.97,0.793,0.6537,0.7663,0.7506666666666666,22.97,22.26,22.03,22.733333333333334,0.0,5.0,0.0,2.0,0.0,41.74319585907497,0.0,16.69727834362999,2.0,0
95025,2014,11,El Retorno,1,1,0,0,0,GUAVIARE,27.9,226.15,0.7181,23.04,11978.0,8.348639171814995,29.34,28.34,27.77,28.526666666666667,318.48,239.39,348.04,261.34000000000003,0.8053,0.793,0.6537,0.7721333333333332,22.97,22.97,22.26,22.99333333333333,1.0,0.0,5.0,0.6666666666666666,8.348639171814995,0.0,41.74319585907497,5.565759447876663,2.0,0
95025,2014,12,El Retorno,0,0,0,0,0,GUAVIARE,28.41,151.85,0.8149,22.76,11978.0,0.0,27.9,29.34,28.34,28.549999999999997,226.15,318.48,239.39,232.16,0.7181,0.8053,0.793,0.7794333333333333,23.04,22.97,22.97,22.923333333333332,1.0,1.0,0.0,0.6666666666666666,8.348639171814995,8.348639171814995,0.0,5.565759447876663,2.0,0
95025,2015,1,El Retorno,0,0,0,0,0,GUAVIARE,27.64,177.18,0.7783,22.18,12382.0,0.0,28.41,27.9,29.34,27.983333333333334,151.85,226.15,318.48,185.06000000000003,0.8149,0.7181,0.8053,0.7704333333333334,22.76,23.04,22.97,22.659999999999997,0.0,1.0,1.0,0.3333333333333333,0.0,8.348639171814995,8.348639171814995,2.7828797239383314,2.0,0
95025,2015,2,El Retorno,3,3,0,0,0,GUAVIARE,29.01,114.97,0.82,22.36,12382.0,24.228719108383135,27.64,28.41,27.9,28.353333333333335,177.18,151.85,226.15,148.0,0.7783,0.8149,0.7181,0.8043999999999999,22.18,22.76,23.04,22.433333333333337,0.0,0.0,1.0,1.0,0.0,0.0,8.348639171814995,8.076239702794378,2.0,1
95025,2015,3,El Retorno,0,0,0,0,0,GUAVIARE,28.94,193.06,0.7455,22.98,12382.0,0.0,29.01,27.64,28.41,28.53,114.97,177.18,151.85,161.73666666666668,0.82,0.7783,0.8149,0.7812666666666667,22.36,22.18,22.76,22.506666666666664,3.0,0.0,0.0,1.0,24.228719108383135,0.0,0.0,8.076239702794378,3.0,0
95025,2015,4,El Retorno,1,1,0,1,0,GUAVIARE,27.1,302.36,0.5591,23.03,12382.0,8.076239702794378,28.94,29.01,27.64,28.350000000000005,193.06,114.97,177.18,203.46333333333337,0.7455,0.82,0.7783,0.7082,22.98,22.36,22.18,22.790000000000003,0.0,3.0,0.0,1.3333333333333333,0.0,24.228719108383135,0.0,10.768319603725837,3.25,0
95025,2015,5,El Retorno,9,9,0,0,0,GUAVIARE,27.05,393.02,0.621,22.95,12382.0,72.68615732514941,27.1,28.94,29.01,27.69666666666667,302.36,193.06,114.97,296.1466666666667,0.5591,0.7455,0.82,0.6418666666666667,23.03,22.98,22.36,22.986666666666668,1.0,0.0,3.0,3.3333333333333335,8.076239702794378,0.0,24.228719108383135,26.920799009314596,4.0,1
95025,2015,6,El Retorno,6,6,0,0,0,GUAVIARE,25.88,275.82,0.5275,22.32,12382.0,48.45743821676627,27.05,27.1,28.94,26.676666666666666,393.02,302.36,193.06,323.73333333333335,0.621,0.5591,0.7455,0.5691999999999999,22.95,23.03,22.98,22.766666666666666,9.0,1.0,0.0,5.333333333333333,72.68615732514941,8.076239702794378,0.0,43.07327841490335,2.5,1
95025,2015,7,El Retorno,7,7,0,0,0,GUAVIARE,25.92,299.19,0.6876,22.39,12382.0,56.53367791956065,25.88,27.05,27.1,26.28333333333333,275.82,393.02,302.36,322.6766666666667,0.5275,0.621,0.5591,0.6120333333333333,22.32,22.95,23.03,22.55333333333333,6.0,9.0,1.0,7.333333333333333,48.45743821676627,72.68615732514941,8.076239702794378,59.225757820492106,2.0,1
95025,2015,8,El Retorno,5,5,0,0,0,GUAVIARE,28.14,281.73,0.7593,22.89,12382.0,40.381198513971896,25.92,25.88,27.05,26.646666666666665,299.19,275.82,393.02,285.58,0.6876,0.5275,0.621,0.6581333333333333,22.39,22.32,22.95,22.53333333333333,7.0,6.0,9.0,6.0,56.53367791956065,48.45743821676627,72.68615732514941,48.45743821676627,2.25,1
95025,2015,9,El Retorno,7,7,0,0,0,GUAVIARE,29.48,181.36,0.8092,23.35,12382.0,56.53367791956065,28.14,25.92,25.88,27.846666666666668,281.73,299.19,275.82,254.0933333333334,0.7593,0.6876,0.5275,0.7520333333333333,22.89,22.39,22.32,22.876666666666665,5.0,7.0,6.0,6.333333333333333,40.381198513971896,56.53367791956065,48.45743821676627,51.14951811769774,2.0,1
95025,2015,10,El Retorno,4,4,0,0,0,GUAVIARE,29.24,213.4,0.8482,23.55,12382.0,32.304958811177514,29.48,28.14,25.92,28.953333333333333,181.36,281.73,299.19,225.4966666666667,0.8092,0.7593,0.6876,0.8055666666666667,23.35,22.89,22.39,23.263333333333335,7.0,5.0,7.0,5.333333333333333,56.53367791956065,40.381198513971896,56.53367791956065,43.07327841490335,2.0,1
95025,2015,11,El Retorno,2,2,0,0,0,GUAVIARE,28.27,186.53,0.7923,23.37,12382.0,16.152479405588757,29.24,29.48,28.14,28.99666666666667,213.4,181.36,281.73,193.76333333333335,0.8482,0.8092,0.7593,0.8165666666666667,23.55,23.35,22.89,23.423333333333336,4.0,7.0,5.0,4.333333333333333,32.304958811177514,56.53367791956065,40.381198513971896,34.997038712108974,2.0,0
95025,2015,12,El Retorno,2,2,0,0,0,GUAVIARE,28.22,128.33,0.8463,22.83,12382.0,16.152479405588757,28.27,29.24,29.48,28.576666666666664,186.53,213.4,181.36,176.0866666666667,0.7923,0.8482,0.8092,0.8289333333333332,23.37,23.55,23.35,23.25,2.0,4.0,7.0,2.6666666666666665,16.152479405588757,32.304958811177514,56.53367791956065,21.536639207451675,2.0,0
95025,2016,1,El Retorno,5,5,0,0,0,GUAVIARE,29.36,33.0,0.8454,20.2,12748.0,39.22183871979918,28.22,28.27,29.24,28.616666666666664,128.33,186.53,213.4,115.95333333333338,0.8463,0.7923,0.8482,0.828,22.83,23.37,23.55,22.133333333333336,2.0,2.0,4.0,3.0,16.152479405588757,16.152479405588757,32.304958811177514,23.842265843658897,2.0,1
95025,2016,2,El Retorno,6,6,0,0,0,GUAVIARE,29.53,101.79,0.5226,23.13,12748.0,47.06620646375902,29.36,28.22,28.27,29.036666666666665,33.0,128.33,186.53,87.70666666666669,0.8454,0.8463,0.7923,0.7381000000000001,20.2,22.83,23.37,22.05333333333333,5.0,2.0,2.0,4.333333333333333,39.22183871979918,16.152479405588757,16.152479405588757,34.14684152971565,3.0,1
95025,2016,3,El Retorno,6,6,0,0,0,GUAVIARE,29.55,260.9,0.7622,23.94,12748.0,47.06620646375902,29.53,29.36,28.22,29.48,101.79,33.0,128.33,131.89666666666668,0.5226,0.8454,0.8463,0.7100666666666666,23.13,20.2,22.83,22.423333333333332,6.0,5.0,2.0,5.666666666666667,47.06620646375902,39.22183871979918,16.152479405588757,44.45141721577241,3.0,1
95025,2016,4,El Retorno,5,5,0,0,0,GUAVIARE,28.23,348.46,0.6295,23.7,12748.0,39.22183871979918,29.55,29.53,29.36,29.103333333333335,260.9,101.79,33.0,237.05000000000004,0.7622,0.5226,0.8454,0.6381,23.94,23.13,20.2,23.59,6.0,6.0,5.0,5.666666666666667,47.06620646375902,47.06620646375902,39.22183871979918,44.45141721577241,3.0,1
95025,2016,5,El Retorno,9,9,0,0,0,GUAVIARE,27.95,353.18,0.7557,23.1,12748.0,70.59930969563854,28.23,29.55,29.53,28.576666666666668,348.46,260.9,101.79,320.8466666666667,0.6295,0.7622,0.5226,0.7158000000000001,23.7,23.94,23.13,23.580000000000002,5.0,6.0,6.0,6.666666666666667,39.22183871979918,47.06620646375902,47.06620646375902,52.29578495973225,4.0,1
95025,2016,6,El Retorno,6,6,0,0,0,GUAVIARE,26.95,328.39,0.5701,22.3,12748.0,47.06620646375902,27.95,28.23,29.55,27.709999999999997,353.18,348.46,260.9,343.3433333333334,0.7557,0.6295,0.7622,0.6517666666666667,23.1,23.7,23.94,23.033333333333335,9.0,5.0,6.0,6.666666666666667,70.59930969563854,39.22183871979918,47.06620646375902,52.29578495973225,4.0,1
95025,2016,7,El Retorno,3,3,0,0,0,GUAVIARE,25.96,467.1,0.7015,22.1,12748.0,23.53310323187951,26.95,27.95,28.23,26.953333333333333,328.39,353.18,348.46,382.89000000000004,0.5701,0.7557,0.6295,0.6757666666666666,22.3,23.1,23.7,22.5,6.0,9.0,5.0,6.0,47.06620646375902,70.59930969563854,39.22183871979918,47.06620646375902,2.0,1
95025,2016,8,El Retorno,7,7,0,2,0,GUAVIARE,28.45,311.28,0.7892,22.7,12748.0,54.91057420771886,25.96,26.95,27.95,27.12,467.1,328.39,353.18,368.92333333333335,0.7015,0.5701,0.7557,0.6869333333333333,22.1,22.3,23.1,22.366666666666664,3.0,6.0,9.0,5.333333333333333,23.53310323187951,47.06620646375902,70.59930969563854,41.836627967785795,3.0,1
95025,2016,9,El Retorno,1,1,0,1,0,GUAVIARE,28.7,287.14,0.8187,22.87,12748.0,7.844367743959836,28.45,25.96,26.95,27.703333333333333,311.28,467.1,328.39,355.17333333333335,0.7892,0.7015,0.5701,0.7698,22.7,22.1,22.3,22.55666666666667,7.0,3.0,6.0,3.6666666666666665,54.91057420771886,23.53310323187951,47.06620646375902,28.762681727852733,2.0,0
95025,2016,10,El Retorno,0,0,0,0,0,GUAVIARE,30.3,262.91,0.8271,23.42,12748.0,0.0,28.7,28.45,25.96,29.150000000000002,287.14,311.28,467.1,287.10999999999996,0.8187,0.7892,0.7015,0.8116666666666666,22.87,22.7,22.1,22.996666666666666,1.0,7.0,3.0,2.6666666666666665,7.844367743959836,54.91057420771886,23.53310323187951,20.918313983892897,2.0,0
95025,2016,11,El Retorno,0,0,0,0,0,GUAVIARE,29.48,253.56,0.8442,23.33,12748.0,0.0,30.3,28.7,28.45,29.49333333333333,262.91,287.14,311.28,267.87,0.8271,0.8187,0.7892,0.83,23.42,22.87,22.7,23.206666666666667,0.0,1.0,7.0,0.3333333333333333,0.0,7.844367743959836,54.91057420771886,2.614789247986612,2.0,0
95025,2016,12,El Retorno,0,0,0,0,0,GUAVIARE,27.94,117.28,0.799,22.61,12748.0,0.0,29.48,30.3,28.7,29.24,253.56,262.91,287.14,211.25,0.8442,0.8271,0.8187,0.8234333333333334,23.33,23.42,22.87,23.12,0.0,0.0,1.0,0.0,0.0,0.0,7.844367743959836,0.0,2.0,0
95025,2017,1,El Retorno,1,1,0,0,0,GUAVIARE,27.93,162.94,0.8461,21.86,13131.0,7.61556621734826,27.94,29.48,30.3,28.450000000000003,117.28,253.56,262.91,177.9266666666667,0.799,0.8442,0.8271,0.8297666666666667,22.61,23.33,23.42,22.599999999999998,0.0,0.0,0.0,0.3333333333333333,0.0,0.0,0.0,2.5385220724494197,2.0,0
95025,2017,2,El Retorno,2,2,0,1,0,GUAVIARE,29.49,95.51,0.8312,21.55,13131.0,15.23113243469652,27.93,27.94,29.48,28.453333333333333,162.94,117.28,253.56,125.24333333333335,0.8461,0.799,0.8442,0.8254333333333334,21.86,22.61,23.33,22.006666666666664,1.0,0.0,0.0,1.0,7.61556621734826,0.0,0.0,7.61556621734826,5.25,0
95025,2017,3,El Retorno,1,1,0,0,0,GUAVIARE,29.68,276.24,0.789,22.75,13131.0,7.61556621734826,29.49,27.93,27.94,29.03333333333333,95.51,162.94,117.28,178.23000000000002,0.8312,0.8461,0.799,0.8220999999999999,21.55,21.86,22.61,22.05333333333333,2.0,1.0,0.0,1.3333333333333333,15.23113243469652,7.61556621734826,0.0,10.154088289797679,3.0,0
95025,2017,4,El Retorno,3,3,0,0,0,GUAVIARE,28.73,305.84,0.6371,23.12,13131.0,22.84669865204478,29.68,29.49,27.93,29.299999999999997,276.24,95.51,162.94,225.86333333333337,0.789,0.8312,0.8461,0.7524333333333334,22.75,21.55,21.86,22.473333333333333,1.0,2.0,1.0,2.0,7.61556621734826,15.23113243469652,7.61556621734826,15.23113243469652,3.75,0
95025,2017,5,El Retorno,4,4,0,0,0,GUAVIARE,27.01,331.7,0.6849,23.09,13131.0,30.46226486939304,28.73,29.68,29.49,28.473333333333333,305.84,276.24,95.51,304.59333333333336,0.6371,0.789,0.8312,0.7036666666666666,23.12,22.75,21.55,22.986666666666668,3.0,1.0,2.0,2.6666666666666665,22.84669865204478,7.61556621734826,15.23113243469652,20.308176579595358,7.75,0
95025,2017,6,El Retorno,5,5,0,0,0,GUAVIARE,26.81,280.06,0.5626,22.63,13131.0,38.0778310867413,27.01,28.73,29.68,27.516666666666666,331.7,305.84,276.24,305.8666666666666,0.6849,0.6371,0.789,0.6282,23.09,23.12,22.75,22.94666666666667,4.0,3.0,1.0,4.0,30.46226486939304,22.84669865204478,7.61556621734826,30.46226486939304,4.0,1
95025,2017,7,El Retorno,6,6,0,0,0,GUAVIARE,29.01,293.15,0.8262,21.86,13131.0,45.69339730408956,26.81,27.01,28.73,27.61,280.06,331.7,305.84,301.6366666666667,0.5626,0.6849,0.6371,0.6912333333333334,22.63,23.09,23.12,22.526666666666667,5.0,4.0,3.0,5.0,38.0778310867413,30.46226486939304,22.84669865204478,38.0778310867413,2.0,1
95025,2017,8,El Retorno,0,0,0,0,0,GUAVIARE,28.64,259.37,0.8234,22.71,13131.0,0.0,29.01,26.81,27.01,28.153333333333336,293.15,280.06,331.7,277.52666666666664,0.8262,0.5626,0.6849,0.7374,21.86,22.63,23.09,22.400000000000002,6.0,5.0,4.0,3.6666666666666665,45.69339730408956,38.0778310867413,30.46226486939304,27.923742796943618,4.5,0
95025,2017,9,El Retorno,2,2,0,0,0,GUAVIARE,28.69,231.72,0.7983,23.2,13131.0,15.23113243469652,28.64,29.01,26.81,28.78,259.37,293.15,280.06,261.41333333333336,0.8234,0.8262,0.5626,0.8159666666666667,22.71,21.86,22.63,22.590000000000003,0.0,6.0,5.0,2.6666666666666665,0.0,45.69339730408956,38.0778310867413,20.308176579595358,2.0,0
95025,2017,10,El Retorno,3,3,0,0,0,GUAVIARE,28.64,230.98,0.642,23.19,13131.0,22.84669865204478,28.69,28.64,29.01,28.656666666666666,231.72,259.37,293.15,240.69000000000003,0.7983,0.8234,0.8262,0.7545666666666667,23.2,22.71,21.86,23.033333333333335,2.0,0.0,6.0,1.6666666666666667,15.23113243469652,0.0,45.69339730408956,12.6926103622471,2.0,1
95025,2017,11,El Retorno,6,6,0,1,0,GUAVIARE,28.24,243.3,0.7653,23.32,13131.0,45.69339730408956,28.64,28.69,28.64,28.52333333333333,230.98,231.72,259.37,235.33333333333334,0.642,0.7983,0.8234,0.7352,23.19,23.2,22.71,23.236666666666665,3.0,2.0,0.0,3.6666666666666665,22.84669865204478,15.23113243469652,0.0,27.923742796943618,2.0,1
95025,2017,12,El Retorno,3,3,0,1,0,GUAVIARE,28.68,104.66,0.839,21.88,13131.0,22.84669865204478,28.24,28.64,28.69,28.52,243.3,230.98,231.72,192.98000000000002,0.7653,0.642,0.7983,0.7487666666666666,23.32,23.19,23.2,22.796666666666667,6.0,3.0,2.0,4.0,45.69339730408956,22.84669865204478,15.23113243469652,30.46226486939304,2.0,1
95025,2018,1,El Retorno,5,5,0,0,0,GUAVIARE,28.64,145.97,0.8203,22.37,13632.0,36.678403755868544,28.68,28.24,28.64,28.52,104.66,243.3,230.98,164.64333333333335,0.839,0.7653,0.642,0.8081999999999999,21.88,23.32,23.19,22.523333333333337,3.0,6.0,3.0,4.666666666666667,22.84669865204478,45.69339730408956,22.84669865204478,35.072833237334294,2.0,1
95025,2018,2,El Retorno,10,10,0,0,0,GUAVIARE,29.97,21.81,0.8114,19.56,13632.0,73.35680751173709,28.64,28.68,28.24,29.096666666666664,145.97,104.66,243.3,90.81333333333335,0.8203,0.839,0.7653,0.8235666666666667,22.37,21.88,23.32,21.27,5.0,3.0,6.0,6.0,36.678403755868544,22.84669865204478,45.69339730408956,44.293969973216804,4.5,1
95025,2018,3,El Retorno,18,18,0,1,0,GUAVIARE,30.93,226.9,0.8033,22.74,13632.0,132.04225352112675,29.97,28.64,28.68,29.846666666666664,21.81,145.97,104.66,131.56000000000003,0.8114,0.8203,0.839,0.8116666666666666,19.56,22.37,21.88,21.55666666666667,10.0,5.0,3.0,11.0,73.35680751173709,36.678403755868544,22.84669865204478,80.6924882629108,3.0,1
95025,2018,4,El Retorno,52,52,0,3,0,GUAVIARE,28.45,353.35,0.6222,22.78,13632.0,381.45539906103284,30.93,29.97,28.64,29.78333333333333,226.9,21.81,145.97,200.6866666666667,0.8033,0.8114,0.8203,0.7456333333333335,22.74,19.56,22.37,21.69333333333333,18.0,10.0,5.0,26.666666666666668,132.04225352112675,73.35680751173709,36.678403755868544,195.61815336463224,3.5,1
95025,2018,5,El Retorno,56,56,0,2,0,GUAVIARE,26.67,422.11,0.5278,22.7,13632.0,410.79812206572774,28.45,30.93,29.97,28.683333333333334,353.35,226.9,21.81,334.12000000000006,0.6222,0.8033,0.8114,0.6511,22.78,22.74,19.56,22.74,52.0,18.0,10.0,42.0,381.45539906103284,132.04225352112675,73.35680751173709,308.0985915492958,6.5,1
95025,2018,6,El Retorno,15,15,0,0,0,GUAVIARE,24.91,394.48,0.4405,21.99,13632.0,110.03521126760563,26.67,28.45,30.93,26.676666666666666,422.11,353.35,226.9,389.98,0.5278,0.6222,0.8033,0.5301666666666667,22.7,22.78,22.74,22.49,56.0,52.0,18.0,41.0,410.79812206572774,381.45539906103284,132.04225352112675,300.76291079812205,4.5,1
95025,2018,7,El Retorno,12,12,0,1,0,GUAVIARE,26.46,312.35,0.5804,22.01,13632.0,88.02816901408451,24.91,26.67,28.45,26.013333333333332,394.48,422.11,353.35,376.31333333333333,0.4405,0.5278,0.6222,0.5162333333333334,21.99,22.7,22.78,22.233333333333334,15.0,56.0,52.0,27.666666666666668,110.03521126760563,410.79812206572774,381.45539906103284,202.95383411580596,2.0,1
95025,2018,8,El Retorno,4,4,0,0,0,GUAVIARE,28.03,309.59,0.8156,22.15,13632.0,29.342723004694836,26.46,24.91,26.67,26.46666666666667,312.35,394.48,422.11,338.8066666666667,0.5804,0.4405,0.5278,0.6121666666666666,22.01,21.99,22.7,22.05,12.0,15.0,56.0,10.333333333333334,88.02816901408451,110.03521126760563,410.79812206572774,75.802034428795,4.0,0
95025,2018,9,El Retorno,3,3,0,0,0,GUAVIARE,29.37,231.84,0.7802,22.92,13632.0,22.007042253521128,28.03,26.46,24.91,27.953333333333333,309.59,312.35,394.48,284.5933333333333,0.8156,0.5804,0.4405,0.7253999999999999,22.15,22.01,21.99,22.360000000000003,4.0,12.0,15.0,6.333333333333333,29.342723004694836,88.02816901408451,110.03521126760563,46.45931142410016,2.0,1
95025,2018,10,El Retorno,2,2,0,0,0,GUAVIARE,28.99,261.37,0.7815,23.41,13632.0,14.671361502347418,29.37,28.03,26.46,28.796666666666667,231.84,309.59,312.35,267.59999999999997,0.7802,0.8156,0.5804,0.7924333333333333,22.92,22.15,22.01,22.826666666666668,3.0,4.0,12.0,3.0,22.007042253521128,29.342723004694836,88.02816901408451,22.007042253521124,2.0,0
95025,2018,11,El Retorno,0,0,0,0,0,GUAVIARE,28.5,197.41,0.7586,23.36,13632.0,0.0,28.99,29.37,28.03,28.953333333333333,261.37,231.84,309.59,230.20666666666668,0.7815,0.7802,0.8156,0.7734333333333333,23.41,22.92,22.15,23.23,2.0,3.0,4.0,1.6666666666666667,14.671361502347418,22.007042253521128,29.342723004694836,12.226134585289516,2.0,0
95025,2018,12,El Retorno,0,0,0,0,0,GUAVIARE,28.33,47.09,0.8376,21.46,13632.0,0.0,28.5,28.99,29.37,28.606666666666666,197.41,261.37,231.84,168.6233333333333,0.7586,0.7815,0.7802,0.7925666666666666,23.36,23.41,22.92,22.743333333333336,0.0,2.0,3.0,0.6666666666666666,0.0,14.671361502347418,22.007042253521128,4.890453834115806,2.0,0
95025,2019,1,El Retorno,0,0,0,0,0,GUAVIARE,28.77,73.71,0.7975,22.21,13591.0,0.0,28.33,28.5,28.99,28.53333333333333,47.09,197.41,261.37,106.06999999999998,0.8376,0.7586,0.7815,0.7978999999999999,21.46,23.36,23.41,22.343333333333334,0.0,0.0,2.0,0.0,0.0,0.0,14.671361502347418,0.0,2.0,0
95025,2019,2,El Retorno,3,3,0,2,0,GUAVIARE,31.29,69.51,0.717,22.41,13591.0,22.07343094695019,28.77,28.33,28.5,29.463333333333335,73.71,47.09,197.41,63.436666666666646,0.7975,0.8376,0.7586,0.7840333333333334,22.21,21.46,23.36,22.02666666666667,0.0,0.0,0.0,1.0,0.0,0.0,0.0,7.357810315650063,6.25,0
95025,2019,3,El Retorno,4,4,0,0,0,GUAVIARE,30.57,254.27,0.76,23.55,13591.0,29.431241262600253,31.29,28.77,28.33,30.209999999999997,69.51,73.71,47.09,132.49666666666664,0.717,0.7975,0.8376,0.7581666666666665,22.41,22.21,21.46,22.723333333333333,3.0,0.0,0.0,2.3333333333333335,22.07343094695019,0.0,0.0,17.168224069850147,3.75,1
95025,2019,4,El Retorno,3,3,0,1,0,GUAVIARE,28.28,282.04,0.7147,23.18,13591.0,22.07343094695019,30.57,31.29,28.77,30.046666666666667,254.27,69.51,73.71,201.93999999999997,0.76,0.717,0.7975,0.7305666666666667,23.55,22.41,22.21,23.046666666666667,4.0,3.0,0.0,3.3333333333333335,29.431241262600253,22.07343094695019,0.0,24.52603438550021,4.25,0
95025,2019,5,El Retorno,11,11,0,2,0,GUAVIARE,28.29,408.4,0.7104,23.08,13591.0,80.93591347215069,28.28,30.57,31.29,29.046666666666667,282.04,254.27,69.51,314.90333333333336,0.7147,0.76,0.717,0.7283666666666666,23.18,23.55,22.41,23.27,3.0,4.0,3.0,6.0,22.07343094695019,29.431241262600253,22.07343094695019,44.14686189390037,9.0,1
95025,2019,6,El Retorno,10,10,0,0,0,GUAVIARE,25.99,375.43,0.546,22.63,13591.0,73.57810315650063,28.29,28.28,30.57,27.52,408.4,282.04,254.27,355.28999999999996,0.7104,0.7147,0.76,0.6570333333333335,23.08,23.18,23.55,22.963333333333335,11.0,3.0,4.0,8.0,80.93591347215069,22.07343094695019,29.431241262600253,58.862482525200505,5.25,1
95025,2019,7,El Retorno,8,8,0,2,0,GUAVIARE,26.84,373.75,0.7084,21.99,13591.0,58.862482525200505,25.99,28.29,28.28,27.040000000000003,375.43,408.4,282.04,385.85999999999996,0.546,0.7104,0.7147,0.6549333333333334,22.63,23.08,23.18,22.566666666666663,10.0,11.0,3.0,9.666666666666666,73.57810315650063,80.93591347215069,22.07343094695019,71.1254997179506,3.75,1
95025,2019,8,El Retorno,4,4,0,0,0,GUAVIARE,28.17,334.22,0.826,22.04,13591.0,29.431241262600253,26.84,25.99,28.29,27.0,373.75,375.43,408.4,361.1333333333334,0.7084,0.546,0.7104,0.6934666666666667,21.99,22.63,23.08,22.22,8.0,10.0,11.0,7.333333333333333,58.862482525200505,73.57810315650063,80.93591347215069,53.95727564810047,4.25,0
95025,2019,9,El Retorno,3,3,0,0,0,GUAVIARE,29.88,246.77,0.8301,22.99,13591.0,22.07343094695019,28.17,26.84,25.99,28.296666666666667,334.22,373.75,375.43,318.2466666666666,0.826,0.7084,0.546,0.7881666666666667,22.04,21.99,22.63,22.34,4.0,8.0,10.0,5.0,29.431241262600253,58.862482525200505,73.57810315650063,36.789051578250316,2.25,1
95025,2019,10,El Retorno,0,0,0,0,0,GUAVIARE,28.49,290.55,0.738,22.98,13591.0,0.0,29.88,28.17,26.84,28.846666666666664,246.77,334.22,373.75,290.5133333333334,0.8301,0.826,0.7084,0.7980333333333333,22.99,22.04,21.99,22.67,3.0,4.0,8.0,2.3333333333333335,22.07343094695019,29.431241262600253,58.862482525200505,17.16822406985015,2.0,0
95025,2019,11,El Retorno,3,3,0,2,0,GUAVIARE,27.92,288.01,0.7681,23.32,13591.0,22.07343094695019,28.49,29.88,28.17,28.763333333333332,290.55,246.77,334.22,275.10999999999996,0.738,0.8301,0.826,0.7787333333333333,22.98,22.99,22.04,23.096666666666664,0.0,3.0,4.0,2.0,0.0,22.07343094695019,29.431241262600253,14.715620631300132,2.0,1
95025,2019,12,El Retorno,2,2,0,1,0,GUAVIARE,27.3,185.21,0.8153,23.28,13591.0,14.715620631300126,27.92,28.49,29.88,27.903333333333336,288.01,290.55,246.77,254.59,0.7681,0.738,0.8301,0.7738,23.32,22.98,22.99,23.19333333333333,3.0,0.0,3.0,1.6666666666666667,22.07343094695019,0.0,22.07343094695019,12.26301719275011,2.0,0
95025,2020,1,El Retorno,5,4,1,1,0,GUAVIARE,29.27,64.13,0.8294,21.46,13543.0,36.919441778040316,27.3,27.92,28.49,28.163333333333338,185.21,288.01,290.55,179.11666666666667,0.8153,0.7681,0.738,0.8042666666666666,23.28,23.32,22.98,22.686666666666667,2.0,3.0,0.0,3.3333333333333335,14.715620631300126,22.07343094695019,0.0,24.569497785430215,2.0,1
95025,2020,2,El Retorno,7,7,0,2,0,GUAVIARE,29.95,54.48,0.7919,21.38,13543.0,51.68721848925644,29.27,27.3,27.92,28.840000000000003,64.13,185.21,288.01,101.27333333333333,0.8294,0.8153,0.7681,0.8122000000000001,21.46,23.28,23.32,22.040000000000003,5.0,2.0,3.0,4.666666666666667,36.919441778040316,14.715620631300126,22.07343094695019,34.44076029953229,6.0,1
95025,2020,3,El Retorno,2,2,0,0,0,GUAVIARE,30.36,170.62,0.8124,22.95,13543.0,14.767776711216126,29.95,29.27,27.3,29.86,54.48,64.13,185.21,96.41000000000001,0.7919,0.8294,0.8153,0.8112333333333334,21.38,21.46,23.28,21.930000000000003,7.0,5.0,2.0,4.666666666666667,51.68721848925644,36.919441778040316,14.715620631300126,34.4581456595043,4.0,0
95025,2020,4,El Retorno,0,0,0,0,0,GUAVIARE,29.16,235.84,0.7579,22.73,13543.0,0.0,30.36,29.95,29.27,29.823333333333334,170.62,54.48,64.13,153.64666666666668,0.8124,0.7919,0.8294,0.7874,22.95,21.38,21.46,22.353333333333335,2.0,7.0,5.0,3.0,14.767776711216126,51.68721848925644,36.919441778040316,22.151665066824194,4.0,0
95025,2020,5,El Retorno,0,0,0,0,0,GUAVIARE,27.29,430.12,0.6619,23.04,13543.0,0.0,29.16,30.36,29.95,28.936666666666667,235.84,170.62,54.48,278.85999999999996,0.7579,0.8124,0.7919,0.7440666666666668,22.73,22.95,21.38,22.906666666666666,0.0,2.0,7.0,0.6666666666666666,0.0,14.767776711216126,51.68721848925644,4.922592237072046,9.0,0
95025,2020,6,El Retorno,2,2,0,0,0,GUAVIARE,27.55,346.08,0.7646,22.82,13543.0,14.767776711216126,27.29,29.16,30.36,28.0,430.12,235.84,170.62,337.34666666666664,0.6619,0.7579,0.8124,0.7281333333333334,23.04,22.73,22.95,22.863333333333333,0.0,0.0,2.0,0.6666666666666666,0.0,0.0,14.767776711216126,4.922592237072046,6.0,0
95025,2020,7,El Retorno,0,0,0,0,0,GUAVIARE,27.54,365.45,0.6835,22.48,13543.0,0.0,27.55,27.29,29.16,27.459999999999997,346.08,430.12,235.84,380.55,0.7646,0.6619,0.7579,0.7033333333333333,22.82,23.04,22.73,22.78,2.0,0.0,0.0,0.6666666666666666,14.767776711216126,0.0,0.0,4.922592237072046,6.0,0
95025,2020,8,El Retorno,1,1,0,1,0,GUAVIARE,28.22,254.76,0.7607,22.41,13543.0,7.383888355608063,27.54,27.55,27.29,27.77,365.45,346.08,430.12,322.09666666666664,0.6835,0.7646,0.6619,0.7362666666666667,22.48,22.82,23.04,22.570000000000004,0.0,2.0,0.0,1.0,0.0,14.767776711216126,0.0,7.383888355608067,4.0,0
95025,2020,9,El Retorno,0,0,0,0,0,GUAVIARE,29.36,230.0,0.7976,23.07,13543.0,0.0,28.22,27.54,27.55,28.373333333333335,254.76,365.45,346.08,283.40333333333336,0.7607,0.6835,0.7646,0.7472666666666666,22.41,22.48,22.82,22.653333333333336,1.0,0.0,2.0,0.3333333333333333,7.383888355608063,0.0,14.767776711216126,2.461296118536026,3.0,0
95025,2020,10,El Retorno,0,0,0,0,0,GUAVIARE,29.04,220.7,0.7512,23.13,13543.0,0.0,29.36,28.22,27.54,28.873333333333335,230.0,254.76,365.45,235.15333333333334,0.7976,0.7607,0.6835,0.7698333333333333,23.07,22.41,22.48,22.87,0.0,1.0,0.0,0.3333333333333333,0.0,7.383888355608063,0.0,2.461296118536026,2.0,0
95025,2020,11,El Retorno,0,0,0,0,0,GUAVIARE,27.81,232.35,0.7614,23.19,13543.0,0.0,29.04,29.36,28.22,28.736666666666665,220.7,230.0,254.76,227.6833333333333,0.7512,0.7976,0.7607,0.7700666666666667,23.13,23.07,22.41,23.13,0.0,0.0,1.0,0.0,0.0,0.0,7.383888355608063,0.0,2.0,0
95025,2020,12,El Retorno,0,0,0,0,0,GUAVIARE,27.8,161.79,0.8014,22.46,13543.0,0.0,27.81,29.04,29.36,28.21666666666667,232.35,220.7,230.0,204.94666666666663,0.7614,0.7512,0.7976,0.7713333333333333,23.19,23.13,23.07,22.926666666666666,0.0,0.0,0.0,0.0,0.0,0.0,0.0,0.0,2.0,0
95025,2021,1,El Retorno,0,0,0,0,0,GUAVIARE,28.55,171.27,0.8436,21.15,13448.0,0.0,27.8,27.81,29.04,28.05333333333333,161.79,232.35,220.7,188.47,0.8014,0.7614,0.7512,0.8021333333333334,22.46,23.19,23.13,22.26666666666667,0.0,0.0,0.0,0.0,0.0,0.0,0.0,0.0,2.0,0
95025,2021,2,El Retorno,0,0,0,0,0,GUAVIARE,29.61,77.87,0.8158,21.32,13448.0,0.0,28.55,27.8,27.81,28.653333333333332,171.27,161.79,232.35,136.97666666666666,0.8436,0.8014,0.7614,0.8202666666666666,21.15,22.46,23.19,21.643333333333334,0.0,0.0,0.0,0.0,0.0,0.0,0.0,0.0,6.75,0
95025,2021,3,El Retorno,0,0,0,0,0,GUAVIARE,30.14,200.75,0.6724,21.97,13448.0,0.0,29.61,28.55,27.8,29.433333333333334,77.87,171.27,161.79,149.96333333333334,0.8158,0.8436,0.8014,0.7772666666666667,21.32,21.15,22.46,21.48,0.0,0.0,0.0,0.0,0.0,0.0,0.0,0.0,3.75,0
95025,2021,4,El Retorno,0,0,0,0,0,GUAVIARE,28.66,344.65,0.6709,22.88,13448.0,0.0,30.14,29.61,28.55,29.47,200.75,77.87,171.27,207.75666666666666,0.6724,0.8158,0.8436,0.7197,21.97,21.32,21.15,22.05666666666667,0.0,0.0,0.0,0.0,0.0,0.0,0.0,0.0,3.75,0
95025,2021,5,El Retorno,0,0,0,0,0,GUAVIARE,26.28,364.86,0.4813,22.69,13448.0,0.0,28.66,30.14,29.61,28.360000000000003,344.65,200.75,77.87,303.42,0.6709,0.6724,0.8158,0.6082,22.88,21.97,21.32,22.513333333333332,0.0,0.0,0.0,0.0,0.0,0.0,0.0,0.0,9.0,0
95025,2021,6,El Retorno,0,0,0,0,0,GUAVIARE,25.98,360.13,0.6266,22.4,13448.0,0.0,26.28,28.66,30.14,26.973333333333333,364.86,344.65,200.75,356.5466666666666,0.4813,0.6709,0.6724,0.5929333333333334,22.69,22.88,21.97,22.656666666666666,0.0,0.0,0.0,0.0,0.0,0.0,0.0,0.0,5.75,0
95025,2021,7,El Retorno,0,0,0,0,0,GUAVIARE,27.05,280.59,0.5919,21.54,13448.0,0.0,25.98,26.28,28.66,26.436666666666667,360.13,364.86,344.65,335.1933333333333,0.6266,0.4813,0.6709,0.5665999999999999,22.4,22.69,22.88,22.209999999999997,0.0,0.0,0.0,0.0,0.0,0.0,0.0,0.0,5.25,0
95025,2021,8,El Retorno,0,0,0,0,0,GUAVIARE,28.26,361.12,0.7849,22.49,13448.0,0.0,27.05,25.98,26.28,27.096666666666668,280.59,360.13,364.86,333.94666666666666,0.5919,0.6266,0.4813,0.6678000000000001,21.54,22.4,22.69,22.14333333333333,0.0,0.0,0.0,0.0,0.0,0.0,0.0,0.0,4.0,0
95025,2021,9,El Retorno,0,0,0,0,0,GUAVIARE,29.63,246.93,0.8137,22.85,13448.0,0.0,28.26,27.05,25.98,28.313333333333333,361.12,280.59,360.13,296.2133333333333,0.7849,0.5919,0.6266,0.7301666666666667,22.49,21.54,22.4,22.293333333333333,0.0,0.0,0.0,0.0,0.0,0.0,0.0,0.0,2.75,0
95025,2021,10,El Retorno,0,0,0,0,0,GUAVIARE,29.69,231.61,0.6672,23.3,13448.0,0.0,29.63,28.26,27.05,29.19333333333333,246.93,361.12,280.59,279.88666666666666,0.8137,0.7849,0.5919,0.7552666666666666,22.85,22.49,21.54,22.88,0.0,0.0,0.0,0.0,0.0,0.0,0.0,0.0,2.0,0
95025,2021,11,El Retorno,2,2,0,1,0,GUAVIARE,28.8,186.17,0.8505,22.41,13448.0,14.872099940511601,29.69,29.63,28.26,29.373333333333335,231.61,246.93,361.12,221.57000000000002,0.6672,0.8137,0.7849,0.7771333333333333,23.3,22.85,22.49,22.853333333333335,0.0,0.0,0.0,0.6666666666666666,0.0,0.0,0.0,4.9573666468372055,2.0,0
95025,2021,12,El Retorno,0,0,0,0,0,GUAVIARE,28.33,87.69,0.8168,22.26,13448.0,0.0,28.8,29.69,29.63,28.939999999999998,186.17,231.61,246.93,168.49,0.8505,0.6672,0.8137,0.7781666666666668,22.41,23.3,22.85,22.656666666666666,2.0,0.0,0.0,0.6666666666666666,14.872099940511601,0.0,0.0,4.9573666468372055,2.0,0
95025,2022,1,El Retorno,0,0,0,0,0,GUAVIARE,29.35,35.97,0.8178,19.6,13386.0,0.0,28.33,28.8,29.69,28.826666666666668,87.69,186.17,231.61,103.27666666666666,0.8168,0.8505,0.6672,0.8283666666666667,22.26,22.41,23.3,21.423333333333336,0.0,2.0,0.0,0.6666666666666666,0.0,14.872099940511601,0.0,4.9573666468372055,2.0,0
95025,2022,2,El Retorno,0,0,0,0,0,GUAVIARE,30.67,139.43,0.7893,21.04,13386.0,0.0,29.35,28.33,28.8,29.45,35.97,87.69,186.17,87.69666666666667,0.8178,0.8168,0.8505,0.8079666666666667,19.6,22.26,22.41,20.96666666666667,0.0,0.0,2.0,0.0,0.0,0.0,14.872099940511601,0.0,6.5,0
95025,2022,3,El Retorno,0,0,0,0,0,GUAVIARE,29.65,224.7,0.7156,22.68,13386.0,0.0,30.67,29.35,28.33,29.89,139.43,35.97,87.69,133.36666666666667,0.7893,0.8178,0.8168,0.7742333333333332,21.04,19.6,22.26,21.106666666666666,0.0,0.0,0.0,0.0,0.0,0.0,0.0,0.0,3.5,0
95025,2022,4,El Retorno,1,1,0,0,0,GUAVIARE,28.16,351.42,0.6881,22.98,13386.0,7.470491558344539,29.65,30.67,29.35,29.493333333333336,224.7,139.43,35.97,238.51666666666665,0.7156,0.7893,0.8178,0.731,22.68,21.04,19.6,22.233333333333334,0.0,0.0,0.0,0.3333333333333333,0.0,0.0,0.0,2.4901638527815178,3.5,0
95025,2022,5,El Retorno,1,1,0,0,0,GUAVIARE,27.76,453.16,0.5986,22.52,13386.0,7.470491558344539,28.16,29.65,30.67,28.52333333333333,351.42,224.7,139.43,343.0933333333333,0.6881,0.7156,0.7893,0.6674333333333333,22.98,22.68,21.04,22.72666666666667,1.0,0.0,0.0,0.6666666666666666,7.470491558344539,0.0,0.0,4.98032770556303,9.0,0
95025,2022,6,El Retorno,1,1,0,1,0,GUAVIARE,26.65,411.43,0.6695,21.93,13386.0,7.470491558344539,27.76,28.16,29.65,27.52333333333333,453.16,351.42,224.7,405.33666666666664,0.5986,0.6881,0.7156,0.6520666666666667,22.52,22.98,22.68,22.47666666666667,1.0,1.0,0.0,1.0,7.470491558344539,7.470491558344539,0.0,7.470491558344539,5.5,0
95025,2022,7,El Retorno,4,4,0,1,0,GUAVIARE,26.39,475.35,0.6947,22.3,13386.0,29.881966233378154,26.65,27.76,28.16,26.933333333333337,411.43,453.16,351.42,446.6466666666667,0.6695,0.5986,0.6881,0.6542666666666667,21.93,22.52,22.98,22.25,1.0,1.0,1.0,2.0,7.470491558344539,7.470491558344539,7.470491558344539,14.940983116689083,4.5,0
95025,2022,8,El Retorno,3,3,0,0,0,GUAVIARE,27.68,317.56,0.8104,21.94,13386.0,22.411474675033617,26.39,26.65,27.76,26.906666666666666,475.35,411.43,453.16,401.44666666666666,0.6947,0.6695,0.5986,0.7248666666666667,22.3,21.93,22.52,22.05666666666667,4.0,1.0,1.0,2.6666666666666665,29.881966233378154,7.470491558344539,7.470491558344539,19.921310822252106,4.0,0
95025,2022,9,El Retorno,8,8,0,1,0,GUAVIARE,29.29,232.5,0.8149,22.86,13386.0,59.76393246675631,27.68,26.39,26.65,27.786666666666665,317.56,475.35,411.43,341.80333333333334,0.8104,0.6947,0.6695,0.7733333333333333,21.94,22.3,21.93,22.366666666666664,3.0,4.0,1.0,5.0,22.411474675033617,29.881966233378154,7.470491558344539,37.3524577917227,2.5,1
95025,2022,10,El Retorno,5,5,0,1,0,GUAVIARE,27.79,439.77,0.7005,23.05,13386.0,37.35245779172269,29.29,27.68,26.39,28.25333333333333,232.5,317.56,475.35,329.9433333333333,0.8149,0.8104,0.6947,0.7752666666666667,22.86,21.94,22.3,22.61666666666667,8.0,3.0,4.0,5.333333333333333,59.76393246675631,22.411474675033617,29.881966233378154,39.84262164450421,2.0,1
95025,2022,11,El Retorno,21,21,0,0,0,GUAVIARE,27.01,206.38,0.8127,22.37,13386.0,156.88032272523532,27.79,29.29,27.68,28.03,439.77,232.5,317.56,292.8833333333334,0.7005,0.8149,0.8104,0.7760333333333334,23.05,22.86,21.94,22.76,5.0,8.0,3.0,11.333333333333334,37.35245779172269,59.76393246675631,22.411474675033617,84.66557099457144,2.0,1
95025,2022,12,El Retorno,15,15,0,0,0,GUAVIARE,28.15,25.44,0.8352,20.46,13386.0,112.05737337516808,27.01,27.79,29.29,27.650000000000002,206.38,439.77,232.5,223.86333333333334,0.8127,0.7005,0.8149,0.7828,22.37,23.05,22.86,21.959999999999997,21.0,5.0,8.0,13.666666666666666,156.88032272523532,37.35245779172269,59.76393246675631,102.09671796404204,2.0,1
95025,2023,1,El Retorno,5,5,0,0,0,GUAVIARE,28.25,143.92,0.7967,21.06,13339.0,37.48406927056001,28.15,27.01,27.79,27.80333333333333,25.44,206.38,439.77,125.24666666666667,0.8352,0.8127,0.7005,0.8148666666666666,20.46,22.37,23.05,21.296666666666667,15.0,21.0,5.0,13.666666666666666,112.05737337516808,156.88032272523532,37.35245779172269,102.1405884569878,2.0,1
95025,2023,2,El Retorno,15,15,0,3,0,GUAVIARE,29.06,67.02,0.8159,20.55,13339.0,112.45220781168004,28.25,28.15,27.01,28.486666666666665,143.92,25.44,206.38,78.79333333333334,0.7967,0.8352,0.8127,0.8159333333333333,21.06,20.46,22.37,20.69,5.0,15.0,21.0,11.666666666666666,37.48406927056001,112.05737337516808,156.88032272523532,87.33121681913605,6.25,1
95025,2023,3,El Retorno,18,18,0,4,0,GUAVIARE,28.75,297.92,0.8024,22.0,13339.0,134.94264937401604,29.06,28.25,28.15,28.686666666666667,67.02,143.92,25.44,169.62,0.8159,0.7967,0.8352,0.805,20.55,21.06,20.46,21.203333333333333,15.0,5.0,15.0,12.666666666666666,112.45220781168004,37.48406927056001,112.05737337516808,94.95964215208535,3.25,1
95025,2023,4,El Retorno,6,6,0,1,0,GUAVIARE,28.78,278.93,0.7723,23.06,13339.0,44.98088312467202,28.75,29.06,28.25,28.863333333333333,297.92,67.02,143.92,214.62333333333336,0.8024,0.8159,0.7967,0.7968666666666667,22.0,20.55,21.06,21.87,18.0,15.0,5.0,13.0,134.94264937401604,112.45220781168004,37.48406927056001,97.45858010345603,3.25,1
95025,2023,5,El Retorno,23,23,0,1,0,GUAVIARE,27.16,406.8,0.6015,23.28,13339.0,172.42671864457606,28.78,28.75,29.06,28.23,278.93,297.92,67.02,327.8833333333334,0.7723,0.8024,0.8159,0.7254,23.06,22.0,20.55,22.78,6.0,18.0,15.0,15.666666666666666,44.98088312467202,134.94264937401604,112.45220781168004,117.45008371442138,9.0,1
95025,2023,6,El Retorno,8,8,0,0,0,GUAVIARE,26.41,300.39,0.7362,22.42,13339.0,59.97451083289602,27.16,28.78,28.75,27.45,406.8,278.93,297.92,328.70666666666665,0.6015,0.7723,0.8024,0.7033333333333333,23.28,23.06,22.0,22.92,23.0,6.0,18.0,12.333333333333334,172.42671864457606,44.98088312467202,134.94264937401604,92.4607042007147,5.25,1
95025,2023,7,El Retorno,2,2,0,0,0,GUAVIARE,27.13,436.73,0.8006,22.78,13339.0,14.993627708224006,26.41,27.16,28.78,26.900000000000002,300.39,406.8,278.93,381.3066666666667,0.7362,0.6015,0.7723,0.7127666666666667,22.42,23.28,23.06,22.826666666666668,8.0,23.0,6.0,11.0,59.97451083289602,172.42671864457606,44.98088312467202,82.46495239523203,4.5,0
95025,2023,8,El Retorno,4,4,0,1,0,GUAVIARE,27.8,259.59,0.8159,23.27,13339.0,29.98725541644801,27.13,26.41,27.16,27.113333333333333,436.73,300.39,406.8,332.2366666666667,0.8006,0.7362,0.6015,0.7842333333333332,22.78,22.42,23.28,22.823333333333334,2.0,8.0,23.0,4.666666666666667,14.993627708224006,59.97451083289602,172.42671864457606,34.98513131918935,4.0,0
95025,2023,9,El Retorno,2,2,0,1,0,GUAVIARE,29.23,255.9,0.8252,23.65,13339.0,14.993627708224006,27.8,27.13,26.41,28.05333333333333,259.59,436.73,300.39,317.4066666666667,0.8159,0.8006,0.7362,0.8139,23.27,22.78,22.42,23.23333333333333,4.0,2.0,8.0,2.6666666666666665,29.98725541644801,14.993627708224006,59.97451083289602,19.991503610965342,3.0,0
95025,2023,10,El Retorno,0,0,0,0,0,GUAVIARE,29.93,152.51,0.8238,23.84,13339.0,0.0,29.23,27.8,27.13,28.986666666666668,255.9,259.59,436.73,222.66666666666666,0.8252,0.8159,0.8006,0.8216333333333333,23.65,23.27,22.78,23.586666666666662,2.0,4.0,2.0,2.0,14.993627708224006,29.98725541644801,14.993627708224006,14.993627708224006,2.0,0
95025,2023,11,El Retorno,2,2,0,0,0,GUAVIARE,27.99,221.3,0.7752,23.69,13339.0,14.993627708224006,29.93,29.23,27.8,29.05,152.51,255.9,259.59,209.90333333333334,0.8238,0.8252,0.8159,0.8080666666666666,23.84,23.65,23.27,23.72666666666667,0.0,2.0,4.0,1.3333333333333333,0.0,14.993627708224006,29.98725541644801,9.995751805482671,2.0,0
95025,2023,12,El Retorno,3,3,0,0,0,GUAVIARE,27.14,165.85,0.8234,23.44,13339.0,22.49044156233601,27.99,29.93,29.23,28.353333333333335,221.3,152.51,255.9,179.88666666666668,0.7752,0.8238,0.8252,0.8074666666666666,23.69,23.84,23.65,23.656666666666666,2.0,0.0,2.0,1.6666666666666667,14.993627708224006,0.0,14.993627708224006,12.494689756853338,2.0,1
95025,2024,1,El Retorno,0,0,0,0,0,GUAVIARE,28.61,36.88,0.8414,21.55,13324.0,0.0,27.14,27.99,29.93,27.913333333333338,165.85,221.3,152.51,141.34333333333333,0.8234,0.7752,0.8238,0.8133333333333334,23.44,23.69,23.84,22.893333333333334,3.0,2.0,0.0,1.6666666666666667,22.49044156233601,14.993627708224006,0.0,12.494689756853338,2.0,0
95025,2024,2,El Retorno,2,2,0,0,0,GUAVIARE,28.7,189.08,0.8097,22.75,13324.0,15.010507355148604,28.61,27.14,27.99,28.150000000000002,36.88,165.85,221.3,130.60333333333332,0.8414,0.8234,0.7752,0.8248333333333333,21.55,23.44,23.69,22.580000000000002,0.0,3.0,2.0,1.6666666666666667,0.0,22.49044156233601,14.993627708224006,12.500316305828205,7.0,0
95025,2024,3,El Retorno,0,0,0,0,0,GUAVIARE,28.8,198.6,0.7792,23.88,13324.0,0.0,28.7,28.61,27.14,28.703333333333333,189.08,36.88,165.85,141.52,0.8097,0.8414,0.8234,0.8100999999999999,22.75,21.55,23.44,22.72666666666667,2.0,0.0,3.0,0.6666666666666666,15.010507355148604,0.0,22.49044156233601,5.0035024517162014,4.0,0
95025,2024,4,El Retorno,5,5,0,0,0,GUAVIARE,28.81,270.47,0.7684,23.67,13324.0,37.52626838787151,28.8,28.7,28.61,28.77,198.6,189.08,36.88,219.38333333333335,0.7792,0.8097,0.8414,0.7857666666666666,23.88,22.75,21.55,23.433333333333334,0.0,2.0,0.0,2.3333333333333335,0.0,15.010507355148604,0.0,17.512258581006705,4.0,1
95025,2024,5,El Retorno,9,9,0,1,0,GUAVIARE,26.25,414.48,0.5928,23.54,13324.0,67.54728309816872,28.81,28.8,28.7,27.953333333333333,270.47,198.6,189.08,294.51666666666665,0.7684,0.7792,0.8097,0.7134666666666667,23.67,23.88,22.75,23.69666666666667,5.0,0.0,2.0,4.666666666666667,37.52626838787151,0.0,15.010507355148604,35.02451716201341,9.0,0
95025,2024,6,El Retorno,3,3,0,0,0,GUAVIARE,26.18,296.76,0.7606,22.82,13324.0,22.515761032722907,26.25,28.81,28.8,27.08,414.48,270.47,198.6,327.2366666666667,0.5928,0.7684,0.7792,0.7072666666666668,23.54,23.67,23.88,23.343333333333334,9.0,5.0,0.0,5.666666666666667,67.54728309816872,37.52626838787151,0.0,42.52977083958771,6.0,0
95025,2024,7,El Retorno,3,3,0,0,0,GUAVIARE,25.88,330.31,0.5881,22.16,13324.0,22.515761032722907,26.18,26.25,28.81,26.103333333333335,296.76,414.48,270.47,347.1833333333334,0.7606,0.5928,0.7684,0.6471666666666667,22.82,23.54,23.67,22.840000000000003,3.0,9.0,5.0,5.0,22.515761032722907,67.54728309816872,37.52626838787151,37.52626838787151,4.0,0
95025,2024,8,El Retorno,2,2,0,0,0,GUAVIARE,27.36,315.39,0.844,22.82,13324.0,15.010507355148604,25.88,26.18,26.25,26.47333333333333,330.31,296.76,414.48,314.15333333333336,0.5881,0.7606,0.5928,0.7309,22.16,22.82,23.54,22.599999999999998,3.0,3.0,9.0,2.6666666666666665,22.515761032722907,22.515761032722907,67.54728309816872,20.014009806864806,4.0,0
95025,2024,9,El Retorno,0,0,0,0,0,GUAVIARE,28.64,277.77,0.8401,23.38,13324.0,0.0,27.36,25.88,26.18,27.293333333333333,315.39,330.31,296.76,307.8233333333333,0.844,0.5881,0.7606,0.7574,22.82,22.16,22.82,22.786666666666665,2.0,3.0,3.0,1.6666666666666667,15.010507355148604,22.515761032722907,22.515761032722907,12.508756129290504,3.0,0
95025,2024,10,El Retorno,1,1,0,0,0,GUAVIARE,28.79,193.89,0.8403,23.58,13324.0,7.505253677574302,28.64,27.36,25.88,28.263333333333332,277.77,315.39,330.31,262.34999999999997,0.8401,0.844,0.5881,0.8414666666666667,23.38,22.82,22.16,23.26,0.0,2.0,3.0,1.0,0.0,15.010507355148604,22.515761032722907,7.505253677574302,2.0,0
95025,2024,11,El Retorno,0,0,0,0,0,GUAVIARE,28.15,246.8,0.8623,23.45,13324.0,0.0,28.79,28.64,27.36,28.526666666666667,193.89,277.77,315.39,239.48666666666668,0.8403,0.8401,0.844,0.8475666666666667,23.58,23.38,22.82,23.47,1.0,0.0,2.0,0.3333333333333333,7.505253677574302,0.0,15.010507355148604,2.5017512258581007,2.0,0
95025,2024,12,El Retorno,0,0,0,0,0,GUAVIARE,27.23,178.26,0.8185,22.93,13324.0,0.0,28.15,28.79,28.64,28.05666666666667,246.8,193.89,277.77,206.3166666666667,0.8623,0.8403,0.8401,0.8403666666666666,23.45,23.58,23.38,23.320000000000004,0.0,1.0,0.0,0.3333333333333333,0.0,7.505253677574302,0.0,2.5017512258581007,2.0,0
